song_id,credit_role,creator_name
1,lyricist,秋元康
1,composer,黒須克彦
1,arranger,湯浅篤
2,lyricist,秋元康
2,composer,小田切大
2,arranger,TATOO
3,lyricist,秋元康
3,composer,Shusui
3,composer,伊藤涼
3,composer,木村篤史
3,composer,ヒロイズム
3,arranger,湯浅篤
4,lyricist,秋元康
4,composer,杉山勝彦
4,arranger,百石元
5,lyricist,秋元康
5,composer,杉山勝彦
5,arranger,有木竜郎
5,arranger,杉山勝彦
6,lyricist,秋元康
6,composer,後藤康二
6,arranger,後藤康二
7,lyricist,秋元康
7,composer,サイトウヨシヒロ
7,arranger,若田部誠
8,lyricist,秋元康
8,composer,Akira Sunset
8,arranger,湯浅篤
9,lyricist,秋元康
9,composer,井上トモノリ
9,arranger,橋本幸太
10,lyricist,秋元康
10,composer,川浦正大
10,arranger,百石元
11,lyricist,秋元康
11,composer,宮坂聡彦
11,arranger,佐々木裕
12,lyricist,秋元康
12,composer,伊勢佳史
12,arranger,伊勢佳史
13,lyricist,秋元康
13,composer,杉山勝彦
13,arranger,有木竜郎
13,arranger,杉山勝彦
14,lyricist,秋元康
14,composer,Hiroki Sagawa
14,arranger,Hiroki Sagawa
15,lyricist,秋元康
15,composer,黒須克彦
15,arranger,長田直之
16,lyricist,秋元康
16,composer,Akira Sunset
16,composer,APAZZI
16,arranger,Akira Sunset
16,arranger,APAZZI
17,lyricist,秋元康
17,composer,Akira Sunset
17,composer,APAZZI
17,arranger,Akira Sunset
17,arranger,APAZZI
18,lyricist,秋元康
18,composer,杉山勝彦
18,arranger,有木竜郎
18,arranger,杉山勝彦
19,lyricist,秋元康
19,composer,フジノタカフミ
19,arranger,フジノタカフミ
20,lyricist,秋元康
20,composer,渡辺未来
20,arranger,渡辺未来
21,lyricist,秋元康
21,composer,近藤圭一
21,arranger,久下真音
22,lyricist,秋元康
22,composer,DR QUEENBEE
22,arranger,DR QUEENBEE
23,lyricist,秋元康
23,composer,Akira Sunset
23,arranger,Akira Sunset
24,lyricist,秋元康
24,composer,SoichiroK
24,composer,Nozomu.S
24,arranger,Nozomu.S
24,arranger,SoichiroK
25,lyricist,秋元康
25,composer,Akira Sunset
25,composer,Carlos K.
25,arranger,Akira Sunset
25,arranger,Carlos K.
26,lyricist,秋元康
26,composer,FURUTA
26,composer,Yasutaka.Ishio
26,arranger,重永亮介
27,lyricist,秋元康
27,composer,杉山勝彦
27,arranger,有木竜郎
27,arranger,杉山勝彦
28,lyricist,秋元康
28,composer,井手コウジ
28,arranger,井手コウジ
29,lyricist,秋元康
29,composer,福森秀敏
29,arranger,APAZZI
30,lyricist,秋元康
30,composer,杉山勝彦
30,arranger,若田部誠
31,lyricist,秋元康
31,composer,すみだしんや
31,arranger,APAZZI
32,lyricist,秋元康
32,composer,ツキダタダシ
32,arranger,ツキダタダシ
33,lyricist,秋元康
33,composer,Hiro Hoashi
33,arranger,Hiro Hoashi
34,lyricist,秋元康
34,composer,泉佳伸
34,composer,三好翔太
34,arranger,早川博隆
34,arranger,三好翔太
35,lyricist,秋元康
35,composer,菅井達司
35,arranger,菅井達司
36,lyricist,秋元康
36,composer,丸谷マナブ
36,arranger,丸谷マナブ
37,lyricist,秋元康
37,composer,Masayoshi Kawabata
37,arranger,Masayoshi Kawabata
38,lyricist,秋元康
38,composer,早川博隆
38,arranger,早川博隆
39,lyricist,秋元康
39,composer,Akira Sunset
39,composer,APAZZI
39,arranger,Akira Sunset
39,arranger,APAZZI
40,lyricist,秋元康
40,composer,大橋莉子
40,arranger,佐々木裕
41,lyricist,秋元康
41,composer,小網準
41,arranger,野中“まさ”雄一
42,lyricist,秋元康
42,composer,小内喜文
42,arranger,佐々木裕
43,lyricist,秋元康
43,composer,Akira Sunset
43,arranger,シライシ紗トリ
44,lyricist,秋元康
44,composer,内田智之
44,arranger,TATOO
45,lyricist,秋元康
45,composer,フジノタカフミ
45,arranger,湯浅篤
46,lyricist,秋元康
46,composer,網本ナオノブ
46,arranger,湯浅篤
47,lyricist,秋元康
47,composer,角野寿和
47,arranger,野村陽一郎
48,lyricist,秋元康
48,composer,Hiroki Sagawa from Asiatic Orchestra
48,arranger,Hiroki Sagawa
49,lyricist,秋元康
49,composer,田中俊亮
49,arranger,鈴木裕明
50,lyricist,秋元康
50,composer,長谷川湊
50,arranger,Carlos K.
51,lyricist,秋元康
51,composer,三輪智也
51,arranger,京田誠一
52,lyricist,秋元康
52,composer,Akira Sunset
52,composer,ha-j
52,arranger,Akira Sunset
52,arranger,ha-j
53,lyricist,秋元康
53,composer,Akira Sunset
53,composer,ha-j
53,arranger,Akira Sunset
53,arranger,ha-j
54,lyricist,秋元康
54,composer,丸山真由子
54,arranger,丸山真由子
55,lyricist,秋元康
55,composer,福田貴史
55,arranger,福田貴史
56,lyricist,秋元康
56,composer,白土亨
56,arranger,遠藤ナオキ
57,lyricist,秋元康
57,composer,藤田卓也
57,arranger,藤田卓也
58,lyricist,秋元康
58,composer,山田智和
58,arranger,住谷翔平
59,lyricist,秋元康
59,composer,中山聡
59,composer,足立優
59,arranger,野中“まさ”雄一
60,lyricist,秋元康
60,composer,ツキダタダシ
60,arranger,ツキダタダシ
61,lyricist,秋元康
61,composer,HRK
61,arranger,APAZZI
62,lyricist,秋元康
62,composer,岩崎哲也
62,arranger,関根佑樹
63,lyricist,秋元康
63,composer,杉山勝彦
63,arranger,野中“まさ”雄一
64,lyricist,秋元康
64,composer,谷村庸平
64,arranger,谷村庸平
65,lyricist,秋元康
65,composer,Akira Sunset
65,composer,京田誠一
65,arranger,Akira Sunset
65,arranger,京田誠一
66,lyricist,秋元康
66,composer,シライシ紗トリ
66,arranger,シライシ紗トリ
67,lyricist,秋元康
67,composer,ナスカ
67,arranger,野中“まさ”雄一
68,lyricist,秋元康
68,composer,渡邉俊彦
68,arranger,早川博隆
68,arranger,渡邉俊彦
69,lyricist,秋元康
69,composer,古川貴浩
69,arranger,古川貴浩
70,lyricist,秋元康
70,composer,Hiroki Sagawa
70,composer,Yasutaka.Ishio
70,arranger,Yasutaka.Ishio
71,lyricist,秋元康
71,composer,野口大志
71,arranger,Akira Sunset
71,arranger,野口大志
72,lyricist,秋元康
72,composer,渡辺剛
72,arranger,渡辺剛
73,lyricist,秋元康
73,composer,CottON
73,arranger,CottON
74,lyricist,秋元康
74,composer,SaSA
74,arranger,SaSA
75,lyricist,秋元康
75,composer,ツキダタダシ
75,arranger,ツキダタダシ
76,lyricist,秋元康
76,composer,Ryota Saito
76,composer,TETTA
76,arranger,野中“まさ”雄一
77,lyricist,秋元康
77,composer,山田裕介
77,arranger,APAZZI
78,lyricist,秋元康
78,composer,MASANORI URA
78,arranger,武藤星児
79,lyricist,秋元康
79,composer,杉山勝彦
79,arranger,石原剛志
79,arranger,杉山勝彦
80,lyricist,秋元康
80,composer,杉山勝彦
80,composer,APAZZI
80,arranger,APAZZI
81,lyricist,秋元康
81,composer,youth case
81,arranger,石塚知生
82,lyricist,秋元康
82,composer,杉山勝彦
82,arranger,杉山勝彦
82,arranger,谷地学
83,lyricist,秋元康
83,composer,NAMITO
83,arranger,APAZZI
84,lyricist,秋元康
84,composer,野村陽一郎
84,arranger,野村陽一郎
85,lyricist,秋元康
85,composer,ナスカ
85,arranger,the Third
86,lyricist,秋元康
86,composer,松尾一真
86,arranger,APAZZI
87,lyricist,秋元康
87,composer,Akira Sunset
87,composer,丸谷マナブ
87,composer,ha-j
87,composer,遠藤ナオキ
87,arranger,APAZZI
88,lyricist,秋元康
88,composer,杉山勝彦
88,arranger,杉山勝彦
88,arranger,谷地学
88,arranger,尾上榛
89,lyricist,秋元康
89,composer,中村泰輔
89,arranger,中村泰輔
90,lyricist,秋元康
90,composer,川浦正大
90,arranger,野中“まさ”雄一
91,lyricist,秋元康
91,composer,杉山勝彦
91,arranger,石原剛志
91,arranger,杉山勝彦
91,arranger,麻尾悠太
92,lyricist,秋元康
92,composer,中村泰輔
92,arranger,樫原伸彦
93,lyricist,秋元康
93,composer,川浦正大
93,arranger,樫原伸彦
94,lyricist,秋元康
94,composer,LEE LAB
94,arranger,花村智志
95,lyricist,秋元康
95,composer,Uto
95,composer,河田一真
95,composer,尾上榛
95,arranger,河田一真
95,arranger,尾上榛
96,lyricist,秋元康
96,composer,岩野コウ
96,composer,石口侑弥
96,arranger,石口侑弥
97,lyricist,秋元康
97,composer,BOUNCEBACK
97,composer,MIKOTO
97,arranger,野中“まさ”雄一
97,arranger,野中雄一
98,lyricist,秋元康
98,composer,太田美知彦
98,arranger,太田美知彦
99,lyricist,秋元康
99,composer,蛯原ランス
99,arranger,塩川満己
100,lyricist,秋元康
100,composer,坂部大介
100,arranger,中土智博
101,lyricist,秋元康
101,composer,MIKOTO
101,arranger,木之下慶行
102,lyricist,秋元康
102,composer,y@suo ohtani
102,arranger,y@suo ohtani
103,lyricist,秋元康
103,composer,Akira Sunset
103,arranger,京田誠一
104,lyricist,秋元康
104,composer,Jam9
104,composer,Army Slick
104,arranger,シライシ紗トリ
105,lyricist,秋元康
105,composer,キタムラタケシ
105,composer,田上陽一
105,arranger,田上陽一
106,lyricist,秋元康
106,composer,山本加津彦
106,arranger,湯浅篤
107,lyricist,秋元康
107,composer,佐藤嘉風
107,arranger,佐藤嘉風
108,lyricist,秋元康
108,composer,大藤史
108,arranger,京田誠一
109,lyricist,秋元康
109,composer,松田純一
109,arranger,清水武仁
110,lyricist,秋元康
110,composer,北室龍馬
110,arranger,木村有希
111,lyricist,秋元康
111,composer,中土智博
111,arranger,中土智博
112,lyricist,秋元康
112,composer,横健介
112,arranger,重永亮介
113,lyricist,秋元康
113,composer,杉山勝彦
113,composer,小倉しんこう
113,arranger,京田誠一
114,lyricist,秋元康
114,composer,岡本健介
114,arranger,岡本健介
115,lyricist,秋元康
115,composer,鐘撞行孝
115,arranger,TATOO
116,lyricist,秋元康
116,composer,Sugaya Bros.
116,composer,松村PONY
116,arranger,Sugaya Bros.
117,lyricist,秋元康
117,composer,南田健吾
117,arranger,高梨康治
118,lyricist,秋元康
118,composer,河原嶺旭
118,arranger,百石元
119,lyricist,秋元康
119,composer,Akira Sunset
119,arranger,Akira Sunset
120,lyricist,秋元康
120,composer,杉山勝彦
120,arranger,有木竜郎
120,arranger,杉山勝彦
121,lyricist,秋元康
121,composer,古川貴浩
121,arranger,古川貴浩
122,lyricist,秋元康
122,composer,古川貴浩
122,arranger,古川貴浩
123,lyricist,秋元康
123,composer,Akira Sunset
123,composer,C#
123,arranger,Akira Sunset
123,arranger,C#
124,lyricist,秋元康
124,composer,Soulife
124,arranger,Soulife
125,lyricist,秋元康
125,composer,田中明仁
125,arranger,TATOO
126,lyricist,秋元康
126,composer,押田誠
126,arranger,押田誠
126,arranger,佐々木聡作
127,lyricist,秋元康
127,composer,Shusui
127,composer,ヒロイズム
127,arranger,Shusui
127,arranger,ヒロイズム
128,lyricist,秋元康
128,composer,Carlos K.
128,arranger,Carlos K.
129,lyricist,秋元康
129,composer,中土智博
129,arranger,中土智博
130,lyricist,秋元康
130,composer,角野寿和
130,arranger,京田誠一
131,lyricist,秋元康
131,composer,SoichiroK
131,composer,Nozomu.S
131,arranger,Soulife
132,lyricist,秋元康
132,composer,Noda Akiko
132,arranger,野中“まさ”雄一
133,lyricist,秋元康
133,composer,Akira Sunset
133,composer,ZERO
133,arranger,Akira Sunset
133,arranger,ZERO
134,lyricist,秋元康
134,composer,中山英二
134,arranger,田上陽一
135,lyricist,秋元康
135,composer,片桐周太郎
135,arranger,野中“まさ”雄一
136,lyricist,秋元康
136,composer,須藤哲平
136,composer,長谷川湊
136,arranger,佐々木裕
137,lyricist,秋元康
137,composer,福田貴史
137,arranger,TATOO
138,lyricist,秋元康
138,composer,中土智浩
138,arranger,中土智博
139,lyricist,秋元康
139,composer,渡辺拓也
139,arranger,渡辺拓也
140,lyricist,秋元康
140,composer,古川貴浩
140,arranger,古川貴浩
141,lyricist,秋元康
141,composer,古川貴浩
141,arranger,古川貴浩
142,lyricist,秋元康
142,composer,Akira Sunset
142,composer,ha-j
142,arranger,Akira Sunset
142,arranger,ha-j
143,lyricist,秋元康
143,composer,HIROTOMO Dr. Lilcom
143,arranger,APAZZI
144,lyricist,秋元康
144,composer,ツキダタダシ
144,arranger,ha-j
145,lyricist,秋元康
145,composer,Amber
145,arranger,若田部誠
146,lyricist,秋元康
146,composer,サイトウリョースケ
146,arranger,サイトウリョースケ
147,lyricist,秋元康
147,composer,白須賀悟
147,arranger,白須賀悟
148,lyricist,秋元康
148,composer,古川貴浩
148,arranger,古川貴浩
149,lyricist,秋元康
149,composer,Ruby
149,arranger,あらケン
150,lyricist,秋元康
150,composer,Hiro Hoashi
150,arranger,Hiro Hoashi
151,lyricist,秋元康
151,composer,Rizz
151,arranger,山田竜平
152,lyricist,秋元康
152,composer,カワノミチオ
152,arranger,カワノミチオ
153,lyricist,秋元康
153,composer,aokado
153,arranger,aokado
154,lyricist,秋元康
154,composer,前迫潤哉
154,composer,Yasutaka.Ishio
154,arranger,Yasutaka.Ishio
155,lyricist,秋元康
155,composer,すみだしんや
155,arranger,華原大輔
156,lyricist,秋元康
156,composer,片桐周太郎
156,arranger,片桐周太郎
157,lyricist,秋元康
157,composer,ハサミマン
157,arranger,ハサミマン
158,lyricist,秋元康
158,composer,SaSA
158,arranger,SaSA
159,lyricist,秋元康
159,composer,外山大輔
159,arranger,APAZZI
160,lyricist,秋元康
160,composer,YASUSHI WATANABE
160,arranger,YASUSHI WATANABE
161,lyricist,秋元康
161,composer,藤木テツ
161,arranger,佐々木裕
162,lyricist,秋元康
162,composer,石井亮輔
162,arranger,APAZZI
163,lyricist,秋元康
163,composer,ミサマサカリヲ
163,arranger,遠藤ナオキ
164,lyricist,秋元康
164,composer,板垣祐介
164,arranger,板垣祐介
165,lyricist,秋元康
165,composer,aokado
165,arranger,aokado
166,lyricist,秋元康
166,composer,K-Wonder
166,composer,SAS3
166,arranger,遠藤ナオキ
167,lyricist,秋元康
167,composer,小形誠
167,arranger,高橋浩一郎
168,lyricist,秋元康
168,composer,石井伸昂
168,arranger,石井伸昂
169,lyricist,秋元康
169,composer,HRK
169,arranger,原広明
170,lyricist,秋元康
170,composer,新田目翔
170,arranger,若田部誠
171,lyricist,秋元康
171,composer,大貫和紀
171,composer,河原レオ
171,composer,高木龍一
171,arranger,大貫和紀
171,arranger,河原レオ
171,arranger,高木龍一
172,lyricist,秋元康
172,composer,中山聡
172,composer,足立優
172,arranger,足立優
172,arranger,中山聡
173,lyricist,秋元康
173,composer,SaSA
173,arranger,SaSA
174,lyricist,秋元康
174,composer,丸谷マナブ
174,arranger,丸谷マナブ
175,lyricist,秋元康
175,composer,Ryota Saito
175,composer,TomoLow
175,arranger,Ryota Saito
175,arranger,TomoLow
176,lyricist,秋元康
176,composer,古川貴浩
176,arranger,古川貴浩
177,lyricist,秋元康
177,composer,山下孝之
177,arranger,山下孝之
178,lyricist,秋元康
178,composer,シライシ紗トリ
178,arranger,シライシ紗トリ
179,lyricist,秋元康
179,composer,木下めろん
179,arranger,木下めろん
180,lyricist,秋元康
180,composer,FURUTA
180,composer,Dr. Lilcom
180,arranger,Dr.Lilcom
181,lyricist,秋元康
181,composer,佐々木裕
181,arranger,佐々木裕
182,lyricist,秋元康
182,composer,山本加津彦
182,arranger,山本加津彦
183,lyricist,秋元康
183,composer,安部純
183,arranger,安部純
184,lyricist,秋元康
184,composer,BASEMINT
184,arranger,BASEMINT
185,lyricist,秋元康
185,composer,浦島健太
185,composer,菊池博人
185,arranger,浦島健太
185,arranger,菊池博人
186,lyricist,秋元康
186,composer,庄司裕
186,arranger,庄司裕
187,lyricist,秋元康
187,composer,Super Mahirock
187,arranger,Huge M
188,lyricist,秋元康
188,composer,山田智和
188,arranger,住谷翔平
189,lyricist,秋元康
189,composer,杉山勝彦
189,arranger,杉山勝彦
189,arranger,谷地学
190,lyricist,秋元康
190,composer,近藤圭一
190,arranger,近藤圭一
191,lyricist,秋元康
191,composer,山田智和
191,arranger,APAZZI
192,lyricist,秋元康
192,composer,Akira Sunset
192,composer,APAZZI
192,arranger,Akira Sunset
192,arranger,APAZZI
193,lyricist,秋元康
193,composer,doubleglass
193,arranger,doubleglass
194,lyricist,秋元康
194,composer,CHOCOLATE MIX
194,arranger,CHOCOLATE MIX
195,lyricist,秋元康
195,composer,杉山勝彦
195,arranger,野中“まさ”雄一
196,lyricist,秋元康
196,composer,浦島健太
196,composer,APAZZI
196,arranger,APAZZI
196,arranger,浦島健太
197,lyricist,秋元康
197,composer,杉山勝彦
197,arranger,若田部誠
198,lyricist,秋元康
198,composer,杉山勝彦
198,arranger,杉山勝彦
198,arranger,谷地学
199,lyricist,秋元康
199,composer,中村泰輔
199,arranger,中村泰輔
200,lyricist,秋元康
200,composer,youth case
201,lyricist,秋元康
201,composer,APAZZI
201,arranger,APAZZI
202,lyricist,秋元康
202,composer,中村泰輔
202,arranger,中村泰輔
203,lyricist,秋元康
203,composer,ジンツチハシ
203,arranger,ジンツチハシ
204,lyricist,秋元康
204,composer,シライシ紗トリ
204,arranger,シライシ紗トリ
205,lyricist,秋元康
205,composer,taka
206,lyricist,秋元康
206,composer,小室哲哉
207,lyricist,秋元康
207,composer,youth case
207,arranger,石塚知生
208,lyricist,秋元康
208,composer,中村泰輔
208,arranger,中村泰輔
209,lyricist,秋元康
209,composer,youth case
209,arranger,城戸紘志
209,arranger,youth case
210,lyricist,秋元康
210,composer,カワノミチオ
210,arranger,カワノミチオ
211,lyricist,秋元康
211,composer,YU-JIN
211,arranger,YU-JIN
212,lyricist,秋元康
212,composer,中村泰輔
212,arranger,中村泰輔
213,lyricist,秋元康
213,composer,NOVECHIKA
213,composer,TETTA
213,arranger,野中“まさ”雄一
214,lyricist,秋元康
214,composer,BASEMINT
214,arranger,BASEMINT
215,lyricist,秋元康
215,composer,Shinobu Suzuki
215,arranger,Shinobu Suzuki
216,lyricist,秋元康
216,composer,you-me
216,arranger,佐々木裕
217,lyricist,秋元康
217,composer,youth case
217,arranger,佐々木博史
218,lyricist,秋元康
218,composer,CottON
218,arranger,CottON
219,lyricist,秋元康
219,composer,山本加津彦
219,arranger,千葉“naotyu-”直樹
219,arranger,山本加津彦
220,lyricist,秋元康
220,composer,CottON
220,arranger,CottON
221,lyricist,秋元康
221,composer,平賀伸明
221,arranger,野中“まさ”雄一
222,lyricist,秋元康
222,composer,tee tea
222,arranger,SHINTA
223,lyricist,秋元康
223,composer,石川陽泉
223,arranger,野中“まさ”雄一
224,lyricist,秋元康
224,composer,youth case
224,arranger,石塚知生
224,arranger,youth case
225,lyricist,秋元康
225,composer,高木龍一
225,arranger,高木龍一
226,lyricist,秋元康
226,composer,ツキダタダシ
226,arranger,若田部誠
227,lyricist,秋元康
227,composer,外山大輔
227,arranger,外山大輔
228,lyricist,秋元康
228,composer,杉山勝彦
228,arranger,杉山勝彦
228,arranger,谷地学
229,lyricist,秋元康
229,composer,A-NOTE
229,composer,S-TONE
229,arranger,A-NOTE
229,arranger,S-TONE
230,lyricist,秋元康
230,composer,Kuboty
230,arranger,Kuboty
231,lyricist,秋元康
231,composer,藤谷一郎
231,arranger,藤谷一郎
232,lyricist,秋元康
232,composer,amazuti
232,arranger,amazuti
233,lyricist,秋元康
233,composer,月光テツヤ
233,arranger,あらケン
234,lyricist,秋元康
234,composer,杉山勝彦
234,composer,Kanata Okajima
234,arranger,杉山勝彦
235,lyricist,秋元康
235,composer,姫野博行
235,arranger,APAZZI
236,lyricist,秋元康
236,composer,坂本麗衣
236,arranger,ツタナオヒコ
237,lyricist,秋元康
237,composer,藤田卓也
237,arranger,藤田卓也
238,lyricist,秋元康
238,composer,本田正樹
238,arranger,本田正樹
239,lyricist,秋元康
239,composer,若林充
239,arranger,若林充
240,lyricist,秋元康
240,composer,かわいえいじ
240,arranger,かわいえいじ
241,lyricist,秋元康
241,composer,福田貴史
241,composer,3grass
241,arranger,福田貴史
242,lyricist,秋元康
242,composer,伊藤心太郎
242,arranger,APAZZI
243,lyricist,秋元康
243,composer,ナスカ
243,arranger,the Third
244,lyricist,秋元康
244,composer,渡辺淳
244,arranger,渡辺淳
245,lyricist,秋元康
245,composer,杉山勝彦
246,lyricist,秋元康
246,composer,中谷信行
246,arranger,中谷信行
247,lyricist,秋元康
247,composer,杉山勝彦
247,arranger,杉山勝彦
247,arranger,谷地学
248,lyricist,秋元康
248,composer,COMiNUM
248,composer,TomoLow
248,arranger,TomoLow
249,lyricist,秋元康
249,composer,山田智和
249,arranger,住谷翔平
250,lyricist,秋元康
250,composer,ミノシマシンゴ
250,composer,新Q
250,arranger,新Q
250,arranger,ミノシマシンゴ
251,lyricist,秋元康
251,composer,yoss
251,arranger,野口大志
251,arranger,yoss
252,lyricist,秋元康
252,composer,柴矢俊彦
252,arranger,ツタナオヒコ
253,lyricist,秋元康
253,composer,ツキダタダシ
253,arranger,野中“まさ”雄一
254,lyricist,秋元康
254,composer,山本加津彦
254,arranger,山本加津彦
255,lyricist,秋元康
255,composer,中村泰輔
255,arranger,中村泰輔
255,arranger,TomoLow
256,lyricist,秋元康
256,composer,松尾一真
256,arranger,松尾一真
257,lyricist,秋元康
257,composer,youth case
257,arranger,石塚知生
257,arranger,youth case
258,lyricist,秋元康
258,composer,本田正樹
258,arranger,本田正樹
259,lyricist,秋元康
259,composer,上田起士
259,arranger,渡辺徹(Blue Bird's Nest)
260,lyricist,秋元康
260,composer,久保卓人
260,composer,齋藤奏太
260,arranger,齋藤奏太
261,lyricist,秋元康
261,composer,Yuya Fujinaka
261,arranger,Yuya Fujinaka
262,lyricist,秋元康
262,composer,古城康行
262,arranger,APAZZI
263,lyricist,小室みつ子
263,composer,小室哲哉
264,lyricist,秋元康
264,composer,BASEMINT
264,arranger,BASEMINT
265,lyricist,秋元康
265,composer,佐伯一
265,arranger,佐伯一
266,lyricist,秋元康
266,composer,渡辺淳
266,arranger,渡辺淳
267,lyricist,秋元康
267,composer,松原憲
267,arranger,高橋修平
268,lyricist,秋元康
268,composer,バグベア
268,arranger,野中“まさ”雄一
269,lyricist,秋元康
269,composer,福田貴訓
269,arranger,ツタナオヒコ
270,lyricist,秋元康
270,composer,早川暁雄
270,arranger,早川暁雄
271,lyricist,秋元康
271,composer,成本智美
271,arranger,曽木琢磨(SUPA LOVE)
272,lyricist,秋元康
272,composer,八木篤史
272,arranger,塩原大貴(SUPA LOVE)
273,lyricist,秋元康
273,composer,山田智和
273,arranger,住谷翔平
274,lyricist,秋元康
274,composer,フジノタカフミ
274,arranger,玉木千尋
275,lyricist,秋元康
275,composer,ナスカ
275,arranger,mellow
276,lyricist,秋元康
276,composer,温詞
276,arranger,TomoLow
277,lyricist,秋元康
277,composer,Kyosuke Yamanaka
277,composer,Yuka Goto
277,arranger,Kyosuke Yamanaka
278,lyricist,秋元康
278,composer,3grass
278,composer,麻尾悠太
278,arranger,麻尾悠太
279,lyricist,秋元康
279,composer,杉山勝彦
279,arranger,杉山勝彦
280,lyricist,秋元康
280,composer,原一博
280,arranger,原一博
281,lyricist,秋元康
281,composer,オオヤギヒロオ
281,arranger,オオヤギヒロオ
282,lyricist,秋元康
282,composer,川口進
282,composer,MiNE
282,composer,Atsushi Shimada
282,arranger,佐々木裕
283,lyricist,秋元康
283,composer,賀佐泰洋
283,arranger,賀佐泰洋
284,lyricist,秋元康
284,composer,長沢知亜紀
284,composer,永野小織
284,composer,Myko ISLAND
284,arranger,Myko ISLAND
285,lyricist,秋元康
285,composer,youth case
285,arranger,遠藤ナオキ
286,lyricist,秋元康
286,composer,youth case
286,arranger,花村智志
287,lyricist,秋元康
287,composer,浦島健太
287,composer,新Q
287,arranger,新Q
288,lyricist,秋元康
288,composer,杉山勝彦
288,composer,河田一真
288,arranger,河田一真
289,lyricist,秋元康
289,composer,フジノタカフミ
289,arranger,フジノタカフミ
289,arranger,島田尚
290,lyricist,秋元康
290,composer,HIKARI
290,composer,玉谷友輝
290,arranger,APAZZI
291,lyricist,秋元康
291,composer,ナスカ
291,arranger,Stella
292,lyricist,秋元康
292,composer,鎌田瑞輝
292,arranger,鎌田瑞輝
293,lyricist,秋元康
293,composer,鶴久政治
293,composer,野口大志
293,arranger,鶴久政治
293,arranger,野口大志
294,lyricist,秋元康
294,composer,菅井達司
294,composer,石崎光
294,arranger,石崎光
295,lyricist,秋元康
295,composer,古川貴浩
295,arranger,古川貴浩
296,lyricist,おーちゃん(赤えんぴつ)
296,composer,おーちゃん(赤えんぴつ)
296,arranger,遠藤ナオキ
297,lyricist,秋元康
297,composer,家原正樹
297,composer,Giz'Mo(from Jam9)
297,arranger,家原正樹
298,lyricist,秋元康
298,composer,温詞
298,arranger,温詞
298,arranger,TomoLow
299,lyricist,秋元康
299,composer,TomoLow
299,composer,中村泰輔
299,arranger,TomoLow
299,arranger,中村泰輔
300,lyricist,秋元康
300,composer,Toshikazu.K
300,composer,Smile From The Streets
300,arranger,Smile From The Streets
300,arranger,Toshikazu.K
301,lyricist,秋元康
301,composer,三谷秀甫
301,arranger,三谷秀甫
302,lyricist,秋元康
302,composer,デレク
302,composer,ターナー
302,arranger,武藤星児
303,lyricist,秋元康
303,composer,加賀爪タッド
303,composer,TomoLow
303,arranger,TomoLow
304,lyricist,秋元康
304,composer,barbora
304,composer,TomoLow
304,arranger,TomoLow
305,lyricist,秋元康
305,composer,A-NOTE
305,composer,S-TONE
305,arranger,APAZZI
306,lyricist,秋元康
306,composer,YU-JIN
306,arranger,TomoLow
307,lyricist,秋元康
307,composer,辻村有記
307,composer,伊藤賢
307,arranger,伊藤賢
307,arranger,辻村有記
308,lyricist,秋元康
308,composer,デレク
308,composer,ターナー
308,arranger,野中“まさ”雄一
309,lyricist,秋元康
309,composer,SoichiroK
309,composer,Nozomu.S
309,arranger,Soulife
310,lyricist,秋元康
310,composer,中村泰輔
310,arranger,中村泰輔
311,lyricist,秋元康
311,composer,ナスカ
311,arranger,the Third
312,lyricist,秋元康
312,composer,野村陽一郎
312,arranger,野村陽一郎
313,lyricist,秋元康
313,composer,浦島健太
313,composer,加藤優希
313,arranger,加藤優希
314,lyricist,秋元康
314,composer,ナスカ
314,arranger,APAZZI
315,lyricist,秋元康
315,composer,CHOCOLATE MIX
315,arranger,CHOCOLATE MIX
316,lyricist,秋元康
316,composer,ナスカ
316,arranger,mellow
317,lyricist,秋元康
317,composer,ナスカ
317,arranger,mellow
318,lyricist,秋元康
318,composer,河原健介
318,arranger,河原健介
319,lyricist,秋元康
319,composer,ナスカ
319,arranger,the Third
320,lyricist,秋元康
320,composer,井上トモノリ
320,arranger,APAZZI
321,lyricist,秋元康
321,composer,中村泰輔
321,composer,TomoLow
321,arranger,中村泰輔
321,arranger,TomoLow
322,lyricist,秋元康
322,composer,水流雄一朗
322,arranger,水流雄一朗
323,lyricist,秋元康
323,composer,シライシ紗トリ
323,arranger,APAZZI
324,lyricist,秋元康
324,composer,辻村有記
324,composer,Naoki Itai
324,arranger,辻村有記
324,arranger,Naoki Itai
325,lyricist,秋元康
325,composer,温詞
325,arranger,TomoLow
326,lyricist,秋元康
326,composer,辻村有記
326,composer,伊藤賢
326,arranger,辻村有記
326,arranger,伊藤賢
327,lyricist,秋元康
327,composer,中村泰輔
327,arranger,中村泰輔
328,lyricist,秋元康
328,composer,辻村有記
328,composer,伊藤賢
328,arranger,辻村有記
328,arranger,伊藤賢
329,lyricist,秋元康
329,composer,浦島健太
329,composer,野口大志
329,arranger,APAZZI
330,lyricist,秋元康
330,composer,aokado
330,arranger,aokado
331,lyricist,秋元康
331,composer,坂本竜太
331,arranger,坂本竜太
332,lyricist,秋元康
332,composer,春行
332,arranger,hruk.
332,arranger,春行
333,lyricist,秋元康
333,composer,野村陽一郎
333,arranger,野村陽一郎
334,lyricist,秋元康
334,composer,MineChang
334,composer,ペンギンス
334,composer,中村泰輔
334,arranger,中村泰輔
334,arranger,ペンギンス
334,arranger,MineChang
335,lyricist,秋元康
335,composer,youth case
335,arranger,佐々木博史
336,lyricist,秋元康
336,composer,谷村庸平
336,arranger,谷村庸平
337,lyricist,秋元康
337,composer,井上トモノリ
337,arranger,大沢圭一
338,lyricist,秋元康
338,composer,中村泰輔
338,arranger,中村泰輔
339,lyricist,秋元康
339,composer,古川貴浩
339,arranger,古川貴浩
340,lyricist,秋元康
340,composer,Kadono
340,composer,Yugo.A
340,arranger,Kadono
341,lyricist,秋元康
341,composer,SoichiroK
341,composer,TomoLow
341,arranger,TomoLow
342,lyricist,秋元康
342,composer,浦島健太
342,composer,山口裕也
342,composer,山本匠
342,arranger,山口裕也
342,arranger,山本匠
343,lyricist,秋元康
343,composer,CHOCOLATE MIX
343,arranger,CHOCOLATE MIX
344,lyricist,秋元康
344,composer,梅野悠大(ザ
344,composer,ローグプランツ)
344,arranger,梅野悠大
345,lyricist,秋元康
345,composer,セキヤカナデ
345,arranger,セキヤカナデ
346,lyricist,秋元康
346,composer,井上トモノリ
346,arranger,大沢圭一
347,lyricist,秋元康
347,composer,温詞
347,arranger,セキヤカナデ
347,arranger,温詞
348,lyricist,秋元康
348,composer,石井亮輔
348,composer,谷口翔太
348,arranger,石井亮輔
348,arranger,谷口翔太
349,lyricist,秋元康
349,composer,杉山勝彦
349,arranger,杉山勝彦
349,arranger,谷地学
350,lyricist,秋元康
350,composer,ツキダタダシ
350,arranger,ツキダタダシ
351,lyricist,秋元康
351,composer,本田正樹
351,arranger,本田正樹
352,lyricist,秋元康
352,composer,長沢知亜紀
352,composer,barbora
352,composer,TomoLow
352,arranger,TomoLow
353,lyricist,秋元康
353,composer,SoichiroK
353,composer,TomoLow
353,arranger,TomoLow
354,lyricist,秋元康
354,composer,A-NOTE
354,composer,S-TONE
354,arranger,A-NOTE
354,arranger,S-TONE
355,lyricist,秋元康
355,composer,中村泰輔
355,composer,TomoLow
355,arranger,中村泰輔
355,arranger,TomoLow
356,lyricist,秋元康
356,composer,Masafumi Okamoto
356,arranger,Masafumi Okamoto
357,lyricist,秋元康
357,composer,猟平
357,arranger,猟平
358,lyricist,秋元康
358,composer,A-NOTE
358,composer,S-TONE
358,arranger,A-NOTE
358,arranger,S-TONE
359,lyricist,秋元康
359,composer,Hiro Hoashi
359,arranger,Hiro Hoashi
360,lyricist,秋元康
360,composer,藤田卓也
360,arranger,藤田卓也
361,lyricist,秋元康
361,composer,YSU
361,composer,今村良太
361,arranger,YSU
361,arranger,今村良太
362,lyricist,秋元康
362,composer,春行
362,arranger,あらケン
363,lyricist,秋元康
363,composer,温詞
363,composer,TomoLow
363,arranger,TomoLow
364,lyricist,秋元康
364,composer,youth case
364,composer,TAKAROT
364,composer,Shoma Yamamoto
364,arranger,TAKAROT
364,arranger,Shoma Yamamoto
365,lyricist,秋元康
365,composer,バグベア
365,arranger,APAZZI
366,lyricist,秋元康
366,composer,藤田卓也
366,arranger,藤田卓也
367,lyricist,秋元康
367,composer,SoichiroK
367,composer,Nozomu.S
367,arranger,Soulife
368,lyricist,秋元康
368,composer,杉山勝彦
368,composer,尾上榛
368,arranger,尾上榛
369,lyricist,秋元康
369,composer,河原レオ
369,arranger,河原レオ
370,lyricist,秋元康
370,composer,yoss
370,composer,尾上榛
370,arranger,TomoLow
371,lyricist,秋元康
371,composer,杉山勝彦
371,composer,GINPEI
371,arranger,GINPEI
371,arranger,杉山勝彦
372,lyricist,秋元康
372,composer,村井大
372,arranger,村井大
373,lyricist,秋元康
373,composer,宮川晋
373,arranger,APAZZI
374,lyricist,秋元康
374,composer,SABURO
374,arranger,APAZZI
375,lyricist,秋元康
375,composer,中村泰輔
375,composer,TomoLow
375,arranger,中村泰輔
375,arranger,TomoLow
376,lyricist,秋元康
376,composer,ナスカ
376,arranger,mellow
377,lyricist,秋元康
377,composer,福田貴訓
377,arranger,野中“まさ”雄一
378,lyricist,秋元康
378,composer,たんしょそら
378,composer,玉谷友輝
378,composer,KUSHITA
378,arranger,たんしょそら
379,lyricist,秋元康
379,composer,田尻知之(note native)
379,composer,本澤尚之
379,arranger,田尻知之(note native)
379,arranger,本澤尚之
380,lyricist,秋元康
380,composer,Takuya Harada
380,composer,MiNE
380,composer,Atsushi Shimada
380,arranger,佐々木裕
381,lyricist,秋元康
381,composer,温詞
381,composer,TomoLow
381,arranger,TomoLow
382,lyricist,秋元康
382,composer,川口進
382,arranger,野中“まさ”雄一
383,lyricist,秋元康
383,composer,大河原昇
383,arranger,APAZZI
384,lyricist,秋元康
384,composer,浦島健太
384,composer,新Q
384,arranger,新Q
385,lyricist,秋元康
385,composer,田中俊亮
385,arranger,田中俊亮
386,lyricist,秋元康
386,composer,barbora
386,composer,TomoLow
386,arranger,TomoLow
387,lyricist,秋元康
387,composer,youth case
387,arranger,花村智志
388,lyricist,秋元康
388,composer,ナスカ
388,arranger,Stella
389,lyricist,秋元康
389,composer,鶴久政治
389,composer,カトウリョータ
389,arranger,鶴久政治
389,arranger,カトウリョータ
390,lyricist,秋元康
390,lyricist,英語詞:Mayu Wakisaka
390,composer,中村泰輔
390,arranger,中村泰輔
391,lyricist,秋元康
391,composer,浦島健太
391,composer,カトウリョータ
391,arranger,カトウリョータ
392,lyricist,秋元康
392,composer,SABURO
392,arranger,樫原伸彦
393,lyricist,秋元康
393,composer,川浦正大
393,composer,Toshikazu.K
393,arranger,APAZZI
394,lyricist,秋元康
394,composer,APAZZI
394,arranger,樫原伸彦
395,lyricist,秋元康
395,composer,本田光史郎
395,arranger,本田光史郎
396,lyricist,秋元康
396,composer,ペンギンス
396,composer,Sorato
396,composer,suekiki
396,composer,Ryo Ito
396,arranger,Sorato
397,lyricist,秋元康
397,composer,MONJOE
397,arranger,MONJOE
398,lyricist,秋元康
398,composer,坂室賢一
398,arranger,坂室賢一
399,lyricist,秋元康
399,composer,K2DN.
399,arranger,K2DN.
400,lyricist,秋元康
400,composer,LEE LAB
400,arranger,花村智志
401,lyricist,秋元康
401,composer,川浦正大
401,arranger,野中“まさ”雄一
402,lyricist,秋元康
402,composer,カミカオル
402,composer,doubleglass
402,arranger,野中“まさ”雄一
403,lyricist,秋元康
403,composer,Yo-Hey
403,arranger,Yo-Hey
404,lyricist,秋元康
404,composer,杉山勝彦
404,arranger,杉山勝彦
404,arranger,三谷秀甫
404,arranger,谷地学
405,lyricist,秋元康
405,composer,さいとうくにあき
405,arranger,さいとうくにあき
406,lyricist,秋元康
406,composer,ツキダタダシ
406,arranger,ツキダタダシ
407,lyricist,秋元康
407,composer,前迫 潤哉
407,composer,Yasutaka.Ishio
407,arranger,Yasutaka.Ishio
408,lyricist,秋元康
408,composer,吉田司
408,composer,村山シベリウス達彦
408,arranger,若田部誠
409,lyricist,秋元康
409,composer,Kyota.
410,lyricist,秋元康
410,composer,Kaz Kuwamura
410,composer,カトウリョータ(CWF)
410,composer,小木岳司(CWF)
410,arranger,小木岳司
410,arranger,カトウリョータ
410,arranger,Kaz Kuwamura
411,lyricist,秋元康
411,composer,春行
411,arranger,APAZZI
412,lyricist,秋元康
412,composer,渡辺翔
412,composer,sasakure.UK
412,composer,ふるっぺ(ケラケラ)
412,arranger,sasakure.UK
413,lyricist,秋元康
413,composer,ふるっぺ(ケラケラ)
413,arranger,ふるっぺ(ケラケラ)
414,lyricist,秋元康
414,composer,野村陽一郎
414,arranger,野村陽一郎
415,lyricist,秋元康
415,composer,野村陽一郎
415,arranger,野村陽一郎
416,lyricist,秋元康
416,composer,前迫潤哉
416,composer,7th Avenue
416,arranger,7th Avenue
417,lyricist,秋元康
417,composer,柳沢英樹
417,arranger,柳沢英樹
418,lyricist,秋元康
418,composer,前迫潤哉
418,composer,Dr. Lilcom
418,arranger,Dr.Lilcom
419,lyricist,秋元康
419,composer,御子柴リョーマ
419,arranger,御子柴リョーマ
420,lyricist,秋元康
420,composer,野井洋児
420,arranger,野井洋児
421,lyricist,秋元康
421,composer,原田雄一
421,arranger,原田雄一
422,lyricist,秋元康
422,composer,ふるっぺ(ケラケラ)
422,arranger,ふるっぺ
423,lyricist,秋元康
423,composer,近藤圭一
423,arranger,近藤圭一
424,lyricist,秋元康
424,composer,浦島健太
424,composer,NIYA
424,composer,TETTA
424,arranger,TETTA
425,lyricist,秋元康
425,composer,ムラマサヒロキ
425,arranger,ムラマサヒロキ
426,lyricist,秋元康
426,composer,佐々木裕
426,arranger,佐々木裕
427,lyricist,秋元康
427,composer,aokado
427,arranger,aokado
428,lyricist,秋元康
428,composer,デレク
428,composer,ターナー
428,arranger,武藤星児
429,lyricist,秋元康
429,composer,doubleglass
429,arranger,doubleglass
430,lyricist,秋元康
430,composer,大河原昇
430,arranger,APAZZI
431,lyricist,秋元康
431,composer,浦島健太
431,composer,加藤優希
431,arranger,加藤優希
432,lyricist,秋元康
432,composer,野村陽一郎
432,arranger,若田部誠
433,lyricist,秋元康
433,composer,小網準
433,arranger,小網準
434,lyricist,秋元康
434,composer,野村陽一郎
434,arranger,野村陽一郎
435,lyricist,秋元康
435,composer,原田雄一
435,arranger,原田雄一
436,lyricist,秋元康
436,composer,杉山勝彦
436,arranger,杉山勝彦
437,lyricist,秋元康
437,composer,RIRIKO
437,composer,石原剛志
437,arranger,石原剛志
437,arranger,RIRIKO
438,lyricist,秋元康
438,composer,Yugo.A
438,composer,sugita.m
438,arranger,Yugo.A
438,arranger,sugita.m
439,lyricist,秋元康
439,composer,jiri
439,arranger,jiri
440,lyricist,秋元康
440,composer,デレク
440,composer,ターナー
440,arranger,APAZZI
441,lyricist,秋元康
441,composer,Masafumi Okamoto
441,arranger,TomoLow
442,lyricist,秋元康
442,composer,温詞
442,arranger,温詞
442,arranger,TomoLow
443,lyricist,秋元康
443,composer,セキヤカナデ
443,arranger,シライシ紗トリ
444,lyricist,秋元康
444,composer,斉門
444,arranger,若田部誠
445,lyricist,秋元康
445,composer,中山聡
445,composer,足立優
445,arranger,板垣祐介
446,lyricist,秋元康
446,composer,IKEZO
446,arranger,若田部誠
447,lyricist,秋元康
447,composer,井上トモノリ
447,arranger,久下真音
448,lyricist,秋元康
448,composer,石井健太郎
448,arranger,石井健太郎
449,lyricist,秋元康
449,composer,サトウシンゴ
449,arranger,佐々木裕
450,lyricist,秋元康
450,composer,APAZZI
450,arranger,APAZZI
451,lyricist,秋元康
451,composer,バグベア
451,arranger,野中“まさ”雄一
452,lyricist,秋元康
452,composer,山本加津彦
452,arranger,山本加津彦
453,lyricist,秋元康
453,composer,池澤聡
453,arranger,池澤聡
454,lyricist,秋元康
454,composer,バグベア
454,arranger,若田部誠
455,lyricist,秋元康
455,composer,立川俊之
455,arranger,立川俊之
456,lyricist,秋元康
456,composer,西井昌明
456,arranger,若田部誠
457,lyricist,秋元康
457,composer,サトウシンゴ
457,arranger,長田直也
457,arranger,サトウシンゴ
458,lyricist,秋元康
458,composer,小田切大
458,arranger,佐々木裕
459,lyricist,秋元康
459,composer,aokado
459,arranger,aokado
460,lyricist,秋元康
460,composer,水流雄一朗
460,arranger,水流雄一朗
461,lyricist,秋元康
461,composer,doubleglass
461,arranger,doubleglass
462,lyricist,秋元康
462,composer,野村陽一郎
462,arranger,野村陽一郎
463,lyricist,秋元康
463,composer,中野領太
463,arranger,中野領太
464,lyricist,秋元康
464,composer,野村陽一郎
464,arranger,野村陽一郎
465,lyricist,秋元康
465,composer,小山雅弘
465,arranger,小山雅弘
466,lyricist,秋元康
466,composer,CHOCOLATE MIX
466,arranger,CHOCOLATE MIX
467,lyricist,秋元康
467,composer,youth case
467,arranger,加部輝
467,arranger,城戸紘志
467,arranger,youth case
468,lyricist,秋元康
468,composer,田靡達也
468,composer,中山聡
468,arranger,田靡達也
468,arranger,中山聡
469,lyricist,秋元康
469,composer,杉山勝彦
469,arranger,有木竜郎
469,arranger,石原剛志
469,arranger,杉山勝彦
470,lyricist,秋元康
470,composer,古城康行
470,arranger,古城康行
471,lyricist,秋元康
471,composer,新屋豊
471,arranger,新屋豊
472,lyricist,秋元康
472,composer,pakorama
472,arranger,pakorama
473,lyricist,秋元康
473,composer,野村陽一郎
473,arranger,野村陽一郎
474,lyricist,秋元康
474,composer,CHOCOLATE MIX
474,arranger,CHOCOLATE MIX
475,lyricist,秋元康
475,composer,杉山勝彦
475,composer,Soma Genda
475,arranger,杉山勝彦
475,arranger,Soma Genda
476,lyricist,秋元康
476,composer,A-NOTE
476,composer,S-TONE
476,arranger,A-NOTE
476,arranger,S-TONE
477,lyricist,秋元康
477,composer,丸山真由子
477,arranger,丸山真由子
478,lyricist,秋元康
478,composer,角野寿和
478,arranger,角野寿和
479,lyricist,秋元康
479,composer,久下真音
479,composer,金子麻友美
479,arranger,久下真音
480,lyricist,秋元康
480,composer,藤田卓也
480,arranger,APAZZI
481,lyricist,秋元康
481,composer,後藤康二(ck510)
481,arranger,後藤康二
482,lyricist,秋元康
482,composer,SoichiroK
482,composer,TomoLow
482,arranger,TomoLow
483,lyricist,秋元康
483,composer,辻村有記
483,composer,伊藤賢
483,arranger,伊藤賢
483,arranger,辻村有記
484,lyricist,秋元康
484,composer,なかざわけんじ
484,arranger,田中昇吾
485,lyricist,秋元康
485,composer,BASEMINT
485,arranger,BASEMINT
486,lyricist,秋元康
486,composer,小網準
486,arranger,若田部誠
487,lyricist,秋元康
487,composer,はたゆりこ
487,composer,野口大志
487,arranger,野口大志
488,lyricist,秋元康
488,composer,小野貴光
488,arranger,若田部誠
489,lyricist,秋元康
489,composer,じょーてつし
489,arranger,TSUKASA
490,lyricist,秋元康
490,composer,YSU
490,arranger,APAZZI
491,lyricist,秋元康
491,composer,barbora
491,composer,TomoLow
491,arranger,TomoLow
492,lyricist,秋元康
492,composer,Masafumi Okamoto
492,arranger,シライシ紗トリ
493,lyricist,秋元康
493,composer,セキヤカナデ
493,arranger,セキヤカナデ
494,lyricist,秋元康
494,composer,中村泰輔
494,composer,TomoLow
494,arranger,中村泰輔
494,arranger,TomoLow
495,lyricist,秋元康
495,composer,野村陽一郎
495,arranger,野村陽一郎
496,lyricist,秋元康
496,composer,山口寛雄
496,arranger,h-wonder
497,lyricist,秋元康
497,composer,松原憲
497,arranger,曽木琢磨
498,lyricist,秋元康
498,composer,you-me
498,arranger,APAZZI
499,lyricist,秋元康
499,composer,白須賀悟
499,arranger,白須賀悟
500,lyricist,秋元康
500,composer,YSU
500,arranger,YSU
501,lyricist,秋元康
501,composer,中村泰輔
501,composer,TomoLow
501,arranger,中村泰輔
501,arranger,TomoLow
502,lyricist,秋元康
502,composer,野村陽一郎
502,arranger,野村陽一郎
503,lyricist,秋元康
503,composer,野村陽一郎
503,arranger,野村陽一郎
504,lyricist,秋元康
504,composer,karia
504,arranger,APAZZI
505,lyricist,秋元康
505,composer,塩野海
505,arranger,TomoLow
506,lyricist,秋元康
506,composer,aokado
506,arranger,aokado
507,lyricist,秋元康
507,composer,近藤圭一
507,arranger,近藤圭一
508,lyricist,秋元康
508,composer,池澤聡
508,arranger,池澤聡
509,lyricist,秋元康
509,composer,シライシ紗トリ
509,arranger,シライシ紗トリ
510,lyricist,秋元康
510,composer,金崎真士
510,arranger,金崎真士
511,lyricist,秋元康
511,composer,YSU
511,arranger,YSU
512,lyricist,秋元康
512,composer,かわいえいじ
512,arranger,かわいえいじ
513,lyricist,秋元康
513,composer,山下孝之
513,arranger,山下孝之
514,lyricist,秋元康
514,composer,福田貴訓
514,arranger,APAZZI
515,lyricist,秋元康
515,composer,ナスカ
515,arranger,野中“まさ”雄一
516,lyricist,秋元康
516,composer,杉山勝彦
516,arranger,杉山勝彦
516,arranger,谷地学
517,lyricist,秋元康
517,composer,野村陽一郎
517,arranger,野村陽一郎
518,lyricist,秋元康
518,composer,川口進
518,composer,坂室賢一
518,arranger,坂室賢一
519,lyricist,秋元康
519,composer,中村泰輔
519,arranger,中村泰輔
520,lyricist,秋元康
520,composer,野村陽一郎
520,arranger,野村陽一郎
521,lyricist,秋元康
521,composer,水流雄一朗
521,composer,suekiki
521,composer,Ryo Ito
521,arranger,水流雄一朗
522,lyricist,秋元康
522,composer,川口進
522,composer,草川瞬
522,composer,佐原康太
522,arranger,APAZZI
523,lyricist,秋元康
523,composer,斉門
523,arranger,斉門
524,lyricist,秋元康
524,composer,野村陽一郎
524,arranger,野村陽一郎
525,lyricist,秋元康
525,composer,野村陽一郎
525,arranger,野村陽一郎
526,lyricist,秋元康
526,composer,中村泰輔
526,arranger,中村泰輔
527,lyricist,秋元康
527,composer,中村泰輔
527,composer,TomoLow
527,arranger,中村泰輔
527,arranger,TomoLow
528,lyricist,秋元康
528,composer,Kyosuke Yamanaka
528,composer,Shigeyuki Harada
528,arranger,Kyosuke Yamanaka
529,lyricist,秋元康
529,composer,石崎光
529,arranger,石崎光
530,lyricist,秋元康
530,composer,中村泰輔
530,arranger,中村泰輔
531,lyricist,秋元康
531,composer,ナスカ
531,arranger,野中“まさ”雄一
532,lyricist,秋元康
532,composer,Funk Uchino
532,composer,Toshiya Hosokawa
532,composer,SILLY TEMBA
532,composer,Gigi
532,arranger,Toshiya Hosokawa
532,arranger,SILLY TEMBA
533,lyricist,秋元康
533,composer,TomoLow
533,arranger,TomoLow
534,lyricist,秋元康
534,composer,杉山勝彦
534,arranger,杉山勝彦
534,arranger,谷地学
535,lyricist,秋元康
535,composer,長沢知亜紀
535,composer,永野小織
535,arranger,長沢知亜紀
535,arranger,永野小織
536,lyricist,秋元康
536,composer,フジノタカフミ
536,arranger,フジノタカフミ
536,arranger,島田尚
537,lyricist,秋元康
537,composer,浦島健太
537,composer,カトウリョータ
537,arranger,カトウリョータ
538,lyricist,秋元康
538,composer,barbora
538,composer,TomoLow
538,arranger,TomoLow
539,lyricist,秋元康
539,composer,温詞
539,arranger,TomoLow
540,lyricist,松田好花
540,composer,温詞
540,arranger,TomoLow
541,lyricist,秋元康
541,composer,BOUNCEBACK
541,arranger,稲留春雄
541,arranger,田口智則
542,lyricist,秋元康
542,composer,成瀬英樹
542,arranger,大内哲也
543,lyricist,秋元康
543,composer,岡田実音
543,arranger,高島智明
544,lyricist,秋元康
544,composer,井上ヨシマサ
544,arranger,井上ヨシマサ
545,lyricist,秋元康
545,composer,岡田実音
545,arranger,高島智明
546,lyricist,秋元康
546,composer,岡田実音
546,arranger,景家淳
547,lyricist,秋元康
547,composer,岡田実音
547,arranger,梅堀淳
548,lyricist,秋元康
548,composer,井上ヨシマサ
548,arranger,井上ヨシマサ
549,lyricist,秋元康
549,composer,井上ヨシマサ
549,arranger,井上ヨシマサ
550,lyricist,秋元康
550,composer,井上ヨシマサ
550,arranger,井上ヨシマサ
551,lyricist,秋元康
551,composer,岡田実音
552,lyricist,秋元康
552,composer,山崎燿
553,lyricist,秋元康
553,composer,上杉洋史
553,arranger,樫原伸彦
554,lyricist,秋元康
554,composer,井上ヨシマサ
554,arranger,井上ヨシマサ
555,lyricist,秋元康
555,composer,上杉洋史
555,arranger,CHOKKAKU
556,lyricist,秋元康
556,composer,井上ヨシマサ
556,arranger,井上ヨシマサ
557,lyricist,秋元康
557,composer,岡田実音
557,arranger,市川裕一
558,lyricist,秋元康
558,composer,井上ヨシマサ
558,arranger,井上ヨシマサ
559,lyricist,秋元康
559,composer,井上ヨシマサ
559,arranger,井上ヨシマサ
560,lyricist,秋元康
560,composer,俊龍
560,arranger,野中雄一
561,lyricist,秋元康
561,composer,Candy
561,composer,Megane
561,arranger,野中“まさ”雄一
562,lyricist,秋元康
562,composer,上杉洋史
562,arranger,光田健一
563,lyricist,秋元康
563,composer,奥田もとい
563,arranger,武藤星児
564,lyricist,秋元康
564,composer,俊龍
564,arranger,野中“まさ”雄一
565,lyricist,秋元康
565,composer,Rie
565,arranger,CHOKKAKU
566,lyricist,秋元康
566,composer,上杉洋史
567,lyricist,秋元康
567,composer,小川コータ
567,arranger,立山秋航
568,lyricist,秋元康
568,composer,山崎燿
568,arranger,JUNKOO
569,lyricist,秋元康
569,composer,小網準
569,arranger,生田真心
570,lyricist,秋元康
570,composer,小西裕子
570,arranger,生田真心
571,lyricist,秋元康
571,composer,井上ヨシマサ
571,arranger,井上ヨシマサ
572,lyricist,秋元康
572,composer,多田慎也
572,arranger,生田真心
573,lyricist,秋元康
573,composer,山崎燿
573,arranger,田中ユウスケ
574,lyricist,秋元康
574,composer,楊慶豪
574,arranger,楊慶豪
575,lyricist,秋元康
575,composer,フジノタカフミ
575,arranger,原田ナオ
576,lyricist,秋元康
576,composer,川浦正大
576,arranger,生田真心
577,lyricist,秋元康
577,composer,すみだしんや
577,arranger,野中“まさ”雄一
578,lyricist,秋元康
578,composer,TANATONOTE
578,arranger,武藤星児
579,lyricist,秋元康
579,composer,井上ヨシマサ
579,arranger,井上ヨシマサ
580,lyricist,秋元康
580,composer,織田哲郎
580,arranger,野中“まさ”雄一
581,lyricist,秋元康
581,composer,佐藤準
582,lyricist,秋元康
582,composer,すみだしんや
582,arranger,生田真心
583,lyricist,秋元康
583,composer,河原嶺旭
583,arranger,河原嶺旭
583,arranger,野中“まさ”雄一
584,lyricist,秋元康
584,composer,横健介
584,arranger,野中“まさ”雄一
585,lyricist,秋元康
585,composer,笹渕大介
585,arranger,野中“まさ”雄一
586,lyricist,秋元康
586,composer,若田部誠
586,arranger,若田部誠
587,lyricist,秋元康
587,composer,藤本藍
587,arranger,武藤星児
588,lyricist,秋元康
588,composer,杉山勝彦
588,arranger,杉山勝彦
589,lyricist,秋元康
589,composer,杉山勝彦
589,arranger,野中“まさ”雄一
590,lyricist,秋元康
590,composer,伊藤心太郎
590,arranger,武藤星児
591,lyricist,秋元康
591,composer,渡辺和紀
591,arranger,武藤星児
592,lyricist,秋元康
592,composer,杉山勝彦
593,lyricist,秋元康
593,composer,丸谷マナブ
593,arranger,若田部誠
594,lyricist,秋元康
594,composer,藤本貴則
595,lyricist,秋元康
595,composer,井上ヨシマサ
595,arranger,井上ヨシマサ
596,lyricist,秋元康
596,composer,宮島律子
597,lyricist,秋元康
597,composer,俊龍
598,lyricist,秋元康
598,composer,久次米真吾
598,arranger,野中“まさ”雄一
599,lyricist,秋元康
599,composer,板垣祐介
599,arranger,板垣祐介
600,lyricist,秋元康
600,composer,井上ヨシマサ
600,arranger,井上ヨシマサ
601,lyricist,秋元康
601,composer,Sungho
602,lyricist,秋元康
602,composer,小澤正澄
603,lyricist,秋元康
603,composer,鵜島仁文
604,lyricist,秋元康
604,composer,わたなべしゅうじ
604,composer,Shakey
605,lyricist,秋元康
605,composer,阿立力也
606,lyricist,秋元康
606,composer,井上ヨシマサ
607,lyricist,秋元康
607,composer,森脇正敏
608,lyricist,秋元康
608,composer,後藤康二(ck510)
608,arranger,後藤康二
609,lyricist,秋元康
609,composer,柴田晃一
609,arranger,楊慶豪
610,lyricist,秋元康
610,composer,福田貴訓
611,lyricist,秋元康
611,composer,福田貴訓
612,lyricist,秋元康
612,composer,村井大
612,arranger,村井大
613,lyricist,秋元康
613,composer,杉山勝彦
613,arranger,有木竜郎
613,arranger,杉山勝彦
614,lyricist,秋元康
614,composer,井上ヨシマサ
614,arranger,井上ヨシマサ
615,lyricist,秋元康
615,composer,丸谷マナブ
615,arranger,佐々木裕
616,lyricist,秋元康
616,composer,俊龍
616,arranger,生田真心
617,lyricist,秋元康
617,composer,織田哲郎
617,arranger,野中“まさ”雄一
618,lyricist,秋元康
618,composer,古城康行
618,arranger,板垣祐介
619,lyricist,秋元康
619,composer,Noda Akiko
619,arranger,野中“まさ”雄一
620,lyricist,秋元康
620,composer,和泉一弥
620,arranger,野中“まさ”雄一
621,lyricist,秋元康
621,composer,丸谷マナブ
621,arranger,増田武史
622,lyricist,秋元康
622,composer,板垣祐介
622,arranger,武藤星児
623,lyricist,秋元康
623,composer,Sungho
623,arranger,野中“まさ”雄一
624,lyricist,秋元康
624,composer,井上トモノリ
624,arranger,増田武史
625,lyricist,秋元康
625,composer,若田部誠
625,arranger,若田部誠
626,lyricist,秋元康
626,composer,伊藤心太郎
626,arranger,若田部誠
627,lyricist,秋元康
627,composer,NAMITO
627,arranger,ナミト
628,lyricist,秋元康
628,composer,三浦誠司
628,arranger,三浦誠司
629,lyricist,秋元康
629,composer,つじたかひろ
629,arranger,武藤星児
630,lyricist,秋元康
630,composer,藤本貴則
630,arranger,藤本貴則
631,lyricist,秋元康
631,composer,井上トモノリ
631,arranger,井上トモノリ
631,arranger,久下真音
632,lyricist,秋元康
632,composer,吉田敬子
632,arranger,佐々木裕
633,lyricist,秋元康
633,composer,井上ヨシマサ
633,arranger,井上ヨシマサ
634,lyricist,秋元康
634,composer,新屋豊
634,arranger,新屋豊
635,lyricist,秋元康
635,composer,Carlos K.
635,arranger,佐々木裕
636,lyricist,秋元康
636,composer,Yo-Hey
636,arranger,佐々木裕
637,lyricist,秋元康
637,composer,井上ヨシマサ
637,arranger,井上ヨシマサ
638,lyricist,秋元康
638,composer,小内喜文
638,arranger,佐々木裕
639,lyricist,秋元康
639,composer,角野寿和
639,composer,青葉紘季
639,arranger,清水哲平
640,lyricist,秋元康
640,composer,you-me
640,arranger,野中“まさ”雄一
641,lyricist,秋元康
641,composer,若田部誠
641,arranger,若田部誠
642,lyricist,秋元康
642,composer,春行
642,arranger,佐々木裕
643,lyricist,秋元康
643,composer,箭内道彦
643,arranger,野中“まさ”雄一
644,lyricist,秋元康
644,composer,片桐周太郎
644,arranger,大塚郁
645,lyricist,秋元康
645,composer,シライシ紗トリ
645,arranger,佐々木裕
646,lyricist,秋元康
646,composer,カワノミチオ
646,arranger,野中“まさ”雄一
647,lyricist,秋元康
647,composer,KEIT
647,arranger,KEIT
648,lyricist,秋元康
648,composer,近藤圭一
648,arranger,佐々木裕
649,lyricist,秋元康
649,composer,内山栞
649,arranger,若田部誠
650,lyricist,秋元康
650,composer,伊藤心太郎
650,arranger,太田貴之
651,lyricist,秋元康
651,composer,川浦正大
651,arranger,野中“まさ”雄一
652,lyricist,秋元康
652,composer,丸谷マナブ
652,arranger,APAZZI
653,lyricist,秋元康
653,composer,KEIT
653,arranger,板垣祐介
654,lyricist,秋元康
654,composer,筒美京平
655,lyricist,つんく
655,composer,つんく
656,lyricist,秋元康
656,composer,笠井快樹
656,arranger,野中“まさ”雄一
657,lyricist,秋元康
657,composer,谷村庸平
657,arranger,あらケン
658,lyricist,秋元康
658,composer,吉野貴雄
658,arranger,吉野貴雄
659,lyricist,秋元康
659,composer,河田貴央
659,arranger,佐々木裕
660,lyricist,秋元康
660,composer,youwhich
660,arranger,youwhich
661,lyricist,秋元康
661,composer,宮島律子
661,arranger,若田部誠
662,lyricist,秋元康
662,composer,池澤聡
662,arranger,APAZZI
663,lyricist,秋元康
663,composer,cAnON.
663,arranger,野中“まさ”雄一
664,lyricist,秋元康
664,composer,DEN with LY9.8
664,arranger,DEN with LY9.8
665,lyricist,秋元康
665,composer,石井健太郎
665,arranger,石井健太郎
666,lyricist,秋元康
666,composer,福田貴史
666,arranger,福田貴史
667,lyricist,秋元康
667,composer,伊藤心太郎
667,arranger,野中“まさ”雄一
668,lyricist,秋元康
668,composer,KaSHIMURA
668,arranger,川端正美
669,lyricist,秋元康
669,composer,金崎真士
669,arranger,金崎真士
670,lyricist,秋元康
670,composer,藤本貴則
670,arranger,APAZZI
671,lyricist,秋元康
671,composer,石井亮輔
671,arranger,龍田洪
672,lyricist,秋元康
672,composer,太田美知彦
672,arranger,藤田哲也
673,lyricist,秋元康
673,composer,八重樫勇一
673,arranger,山崎一稔
674,lyricist,秋元康
674,composer,ZERO-ROCK
675,lyricist,秋元康
675,composer,渡辺未来
676,lyricist,秋元康
676,composer,太田美知彦
676,arranger,藤田哲也
677,lyricist,秋元康
677,composer,岡田実音
678,lyricist,秋元康
678,composer,井上ヨシマサ
679,lyricist,秋元康
679,composer,前澤寛之
680,lyricist,秋元康
680,composer,井上ヨシマサ
680,arranger,井上ヨシマサ
681,lyricist,秋元康
681,composer,大内哲也
681,arranger,大内哲也
682,lyricist,秋元康
682,composer,井上ヨシマサ
682,arranger,井上ヨシマサ
683,lyricist,秋元康
683,composer,成瀬英樹
683,arranger,樫原伸彦
684,lyricist,秋元康
684,composer,伊藤心太郎
685,lyricist,秋元康
685,composer,上杉洋史
685,arranger,野中“まさ”雄一
686,lyricist,秋元康
686,composer,市川裕一
686,arranger,市川裕一
687,lyricist,秋元康
687,composer,田辺恵二
687,arranger,野中“まさ”雄一
688,lyricist,秋元康
688,composer,吉野貴雄
688,arranger,武藤星児
689,lyricist,秋元康
689,composer,中川司
689,arranger,中西亮輔
690,lyricist,秋元康
690,composer,伊藤心太郎
690,arranger,伊藤心太郎
691,lyricist,秋元康
691,composer,井上ヨシマサ
692,lyricist,秋元康
692,composer,JUNKOO
692,composer,Moi
692,arranger,武藤星児
693,lyricist,秋元康
693,composer,井上ヨシマサ
693,arranger,井上ヨシマサ
694,lyricist,秋元康
694,composer,矢吹香那
694,arranger,増田武史
695,lyricist,秋元康
695,composer,y@suo ohtani
695,arranger,野中“まさ”雄一
696,lyricist,秋元康
696,composer,樫原伸彦
697,lyricist,秋元康
697,composer,上杉洋史
698,lyricist,秋元康
698,composer,SHUJI
699,lyricist,秋元康
699,composer,大内哲也
700,lyricist,秋元康
700,composer,大内哲也
701,lyricist,秋元康
701,composer,Blues T
701,arranger,秋原葉輔
702,lyricist,秋元康
702,composer,岡田実音
702,arranger,高島智明
703,lyricist,秋元康
703,composer,羽場仁志
703,arranger,景家淳
704,lyricist,秋元康
704,composer,太田美知彦
704,arranger,Blues T
705,lyricist,秋元康
705,composer,太田美知彦
705,arranger,稲留春雄
705,arranger,田口智則
706,lyricist,秋元康
706,composer,太田美知彦
706,arranger,秋原葉輔
707,lyricist,秋元康
707,composer,後藤次利
707,arranger,後藤次利
708,lyricist,秋元康
708,composer,太田美知彦
708,arranger,景家淳
709,lyricist,秋元康
709,composer,後藤次利
710,lyricist,秋元康
710,composer,エザキマモル
711,lyricist,秋元康
711,composer,森川直紀
712,lyricist,秋元康
712,composer,宮島律子
713,lyricist,秋元康
713,composer,洒井ミキオ
714,lyricist,秋元康
714,composer,山崎燿
715,lyricist,秋元康
715,composer,岡田実音
716,lyricist,秋元康
716,composer,後藤次利
717,lyricist,秋元康
717,composer,井上ヨシマサ
718,lyricist,秋元康
718,composer,Funta
719,lyricist,秋元康
719,composer,上杉洋史
720,lyricist,秋元康
720,composer,井上ヨシマサ
721,lyricist,秋元康
721,composer,宮島律子
722,lyricist,秋元康
722,composer,山崎努
723,lyricist,秋元康
723,composer,上杉洋史
724,lyricist,秋元康
724,composer,井上ヨシマサ
725,lyricist,秋元康
725,composer,井上ヨシマサ
726,lyricist,秋元康
726,composer,三留一純
727,lyricist,秋元康
727,composer,藤澤健至
728,lyricist,秋元康
728,composer,井上ヨシマサ
729,lyricist,秋元康
729,composer,井上ヨシマサ
730,lyricist,秋元康
730,composer,BOUNCEBACK
731,lyricist,秋元康
731,composer,井上ヨシマサ
732,lyricist,秋元康
732,composer,Gajin
733,lyricist,秋元康
733,composer,宮島律子
734,lyricist,秋元康
734,composer,井上ヨシマサ
735,lyricist,秋元康
735,composer,春行
736,lyricist,秋元康
736,composer,井上ヨシマサ
737,lyricist,秋元康
737,composer,成瀬英樹
738,lyricist,秋元康
738,composer,井上ヨシマサ
739,lyricist,秋元康
739,composer,五戸力
740,lyricist,秋元康
740,composer,山崎燿
741,lyricist,秋元康
741,composer,横健介
742,lyricist,秋元康
742,composer,伊藤心太郎
743,lyricist,秋元康
743,composer,若林充
744,lyricist,秋元康
744,composer,俊龍
745,lyricist,秋元康
745,composer,大凪樹
746,lyricist,秋元康
746,composer,石川烈
747,lyricist,秋元康
747,composer,岡田実音
748,lyricist,秋元康
748,composer,野中“まさ”雄一
749,lyricist,秋元康
749,composer,井上ヨシマサ
750,lyricist,秋元康
750,composer,多胡邦夫
751,lyricist,秋元康
751,composer,上田晃司
752,lyricist,秋元康
752,composer,白戸祐輔
753,lyricist,秋元康
753,composer,小網準
754,lyricist,秋元康
754,composer,羽場仁志
755,lyricist,秋元康
755,composer,春行
756,lyricist,秋元康
756,composer,俊龍
757,lyricist,秋元康
757,composer,野中“まさ”雄一
758,lyricist,秋元康
758,composer,エザキマサル
759,lyricist,秋元康
759,composer,大内哲也
760,lyricist,秋元康
760,composer,山崎燿
761,lyricist,秋元康
761,composer,上田晃司
762,lyricist,秋元康
762,composer,イトウミホコ
763,lyricist,秋元康
763,composer,田嶋祐介
764,lyricist,秋元康
764,composer,上田晃司
765,lyricist,秋元康
765,composer,Rie
766,lyricist,秋元康
766,composer,太田美和彦
767,lyricist,秋元康
767,composer,上杉佳奈
768,lyricist,秋元康
768,composer,鈴木Daichi秀行
769,lyricist,秋元康
769,composer,青木真一
770,lyricist,秋元康
770,composer,近藤薫
771,lyricist,秋元康
771,composer,井上ヨシマサ
772,lyricist,秋元康
772,composer,上杉洋史
773,lyricist,秋元康
773,composer,岡ナオキ
774,lyricist,秋元康
774,composer,上杉洋史
775,lyricist,秋元康
775,composer,熊谷憲康
776,lyricist,秋元康
776,composer,草野よしひろ
777,lyricist,秋元康
777,composer,伊藤心太郎
778,lyricist,秋元康
778,composer,井上ヨシマサ
779,lyricist,秋元康
779,composer,梅堀淳
780,lyricist,秋元康
780,composer,井上ヨシマサ
781,lyricist,秋元康
781,composer,八重樫ゆう一
782,lyricist,秋元康
782,composer,Rie
783,lyricist,秋元康
783,composer,辻純更
784,lyricist,秋元康
784,composer,上田晃司
785,lyricist,秋元康
785,composer,吉田ゐさお
786,lyricist,秋元康
786,composer,成瀬英樹
787,lyricist,秋元康
787,composer,宮島律子
788,lyricist,秋元康
788,composer,吉田ゐさお
789,lyricist,秋元康
789,composer,伊藤心太郎
790,lyricist,秋元康
790,composer,井上ヨシマサ
791,lyricist,秋元康
791,composer,Gajin
792,lyricist,秋元康
792,composer,中山聡
793,lyricist,秋元康
793,composer,渡辺拓也
794,lyricist,秋元康
794,composer,太田美知彦
795,lyricist,秋元康
795,composer,太田美知彦
796,lyricist,秋元康
796,composer,青木真一
797,lyricist,秋元康
797,composer,吉田将樹
798,lyricist,秋元康
798,composer,RYO
799,lyricist,秋元康
799,composer,小網準
800,lyricist,秋元康
800,composer,鮫島巧
801,lyricist,秋元康
801,composer,坂下正俊
802,lyricist,秋元康
802,composer,岡田実音
803,lyricist,秋元康
803,composer,近藤薫
804,lyricist,秋元康
804,composer,多胡邦夫
805,lyricist,秋元康
805,composer,宮島律子
806,lyricist,秋元康
806,composer,松田信男
807,lyricist,秋元康
807,composer,成瀬英樹
808,lyricist,秋元康
808,composer,BOUNCEBACK
809,lyricist,秋元康
809,composer,沼宮内真
810,lyricist,秋元康
810,composer,MASAHIKO
811,lyricist,秋元康
811,composer,井上ヨシマサ
812,lyricist,秋元康
812,composer,俊龍
813,lyricist,秋元康
813,composer,平沢敦士
814,lyricist,秋元康
814,composer,野中“まさ”雄一
815,lyricist,秋元康
815,composer,Jupiter
816,lyricist,秋元康
816,composer,伊藤心太郎
817,lyricist,秋元康
817,composer,宮島律子
818,lyricist,秋元康
818,composer,尾飛良幸
819,lyricist,秋元康
819,composer,酒井ミキオ
820,lyricist,秋元康
820,composer,カワノミチオ
820,composer,有馬詩乃
821,lyricist,秋元康
821,composer,篤永猛彦
822,lyricist,秋元康
822,composer,春行
823,lyricist,秋元康
823,composer,俊龍
824,lyricist,秋元康
824,composer,カワノミチオ
825,lyricist,秋元康
825,composer,吉田将樹
826,lyricist,秋元康
826,composer,樫原伸彦
827,lyricist,秋元康
827,composer,向井成一郎
828,lyricist,秋元康
828,composer,上杉洋史
829,lyricist,秋元康
829,composer,太田美知彦
830,lyricist,秋元康
830,composer,Funta
831,lyricist,秋元康
831,composer,上田晃司
832,lyricist,秋元康
832,composer,岡田実音
833,lyricist,秋元康
833,composer,草野よしひろ
834,lyricist,秋元康
834,composer,寺畑早知子
835,lyricist,秋元康
835,composer,上田晃司
836,lyricist,秋元康
836,composer,宮島律子
837,lyricist,秋元康
837,composer,井上ヨシマサ
838,lyricist,秋元康
838,composer,青木真一
839,lyricist,秋元康
839,composer,樫原伸彦
840,lyricist,秋元康
840,composer,Funta
841,lyricist,秋元康
841,composer,大庭宏典
842,lyricist,秋元康
842,composer,上田晃司
843,lyricist,秋元康
843,composer,Rie
844,lyricist,秋元康
844,composer,篤永猛彦
845,lyricist,秋元康
845,composer,小網準
846,lyricist,秋元康
846,composer,田嶋祐介
847,lyricist,秋元康
847,composer,野中“まさ”雄一
848,lyricist,秋元康
848,composer,Funta7
849,lyricist,秋元康
849,composer,岡田実音
850,lyricist,秋元康
850,composer,後藤次利
851,lyricist,秋元康
851,composer,吉野貴雄
852,lyricist,秋元康
852,composer,宮島律子
853,lyricist,秋元康
853,composer,太田美知彦
854,lyricist,秋元康
854,composer,成瀬英樹
855,lyricist,秋元康
855,composer,山崎努
856,lyricist,秋元康
856,composer,宮島律子
857,lyricist,秋元康
857,composer,山崎耀
858,lyricist,秋元康
858,composer,近藤薫
859,lyricist,秋元康
859,composer,中村望
860,lyricist,秋元康
860,composer,上田晃司
861,lyricist,秋元康
861,composer,櫻井真一
862,lyricist,秋元康
862,composer,佐々倉有吾
863,lyricist,秋元康
863,composer,前山田健一
864,lyricist,秋元康
864,composer,島崎貴光
865,lyricist,秋元康
865,composer,川崎里実
866,lyricist,秋元康
866,composer,小網準
867,lyricist,秋元康
867,composer,島崎貴光
868,lyricist,秋元康
868,composer,重永亮介
869,lyricist,秋元康
869,composer,菅原一夢
870,lyricist,秋元康
870,composer,岡田実音
871,lyricist,秋元康
871,composer,黒田賢一
872,lyricist,秋元康
872,composer,磯崎健史
873,lyricist,秋元康
873,composer,小林真
874,lyricist,秋元康
874,composer,近藤薫
875,lyricist,秋元康
875,composer,前澤寛之
876,lyricist,秋元康
876,composer,宮島律子
877,lyricist,秋元康
877,composer,上杉洋史
878,lyricist,秋元康
878,composer,井上ヨシマサ
879,lyricist,秋元康
879,composer,BOUNCEBACK
880,lyricist,秋元康
880,composer,多胡邦夫
881,lyricist,秋元康
881,composer,後藤次利
882,lyricist,秋元康
882,composer,上田晃司
883,lyricist,秋元康
883,composer,井上ヨシマサ
884,lyricist,秋元康
884,composer,上杉洋史
885,lyricist,秋元康
885,composer,Shusui
886,lyricist,秋元康
886,composer,Funta
887,lyricist,秋元康
887,composer,成瀬英樹
888,lyricist,秋元康
888,composer,近藤薫
889,lyricist,秋元康
889,composer,佐伯高志
890,lyricist,秋元康
890,composer,前山田健一
891,lyricist,秋元康
891,composer,白戸佑輔
892,lyricist,秋元康
892,composer,岡田実音
893,lyricist,秋元康
893,composer,Shusui
893,composer,Stefan Aberg
894,lyricist,秋元康
894,composer,BOUNCEBACK
895,lyricist,秋元康
895,composer,井上ヨシマサ
896,lyricist,秋元康
896,composer,鈴木秋則
897,lyricist,秋元康
897,composer,BOUNCEBACK
898,lyricist,秋元康
898,composer,岡田実音
899,lyricist,秋元康
899,composer,奥田もとい
899,arranger,若田部誠
900,lyricist,秋元康
900,composer,章夫
900,arranger,野中“まさ”雄一
901,lyricist,秋元康
901,composer,渡辺和紀
901,arranger,渡辺和紀
902,lyricist,秋元康
902,composer,山本加津彦
902,arranger,増田武史
903,lyricist,秋元康
903,composer,すみだしんや
903,arranger,若田部誠
904,lyricist,秋元康
904,composer,阿立力也
904,arranger,阿立力也
905,lyricist,秋元康
905,composer,市川裕一
905,arranger,佐々木裕
906,lyricist,秋元康
906,composer,サイトウヨシヒロ
906,arranger,野中“まさ”雄一
907,lyricist,秋元康
907,composer,片桐周太郎
907,arranger,片桐周太郎
908,lyricist,秋元康
908,composer,chalaza
908,arranger,野中“まさ”雄一
909,lyricist,秋元康
909,composer,Amber
909,arranger,楊慶豪
910,lyricist,秋元康
910,composer,井上トモノリ
910,arranger,久下真音
911,lyricist,秋元康
911,composer,大神良康
912,lyricist,秋元康
912,composer,ツキダタダシ
912,arranger,ツキダタダシ
913,lyricist,秋元康
913,composer,福田貴史
913,arranger,福田大輔
913,arranger,福田貴史
914,lyricist,秋元康
914,composer,和田耕平
914,arranger,和田耕平
915,lyricist,秋元康
915,composer,三日市吉陽
915,arranger,野中“まさ”雄一
916,lyricist,秋元康
916,composer,田靡達也
916,arranger,若田部誠
917,lyricist,秋元康
917,composer,服部真紀子
917,arranger,ミヤジマジュン
918,lyricist,秋元康
918,composer,外山大輔
918,arranger,外山大輔
919,lyricist,秋元康
919,composer,外山大輔
919,arranger,佐々木裕
920,lyricist,秋元康
920,composer,K-WONDER
920,composer,SAS3
920,arranger,野中“まさ”雄一
921,lyricist,秋元康
921,composer,すみだしんや
921,arranger,APAZZI
922,lyricist,秋元康
922,composer,白戸佑輔
922,arranger,若田部誠
923,lyricist,秋元康
923,composer,板垣祐介
923,arranger,板垣祐介
924,lyricist,秋元康
924,composer,Akira Sunset
924,composer,遠藤ナオキ
924,arranger,APAZZI
925,lyricist,秋元康
925,composer,陽向佑斗
925,arranger,早川博隆
925,arranger,Belex
926,lyricist,秋元康
926,composer,姫野博行
926,arranger,姫野博行
927,lyricist,秋元康
927,composer,前迫潤哉
927,composer,Yasutaka.Ishio
927,arranger,APAZZI
928,lyricist,秋元康
928,composer,吉田司
928,composer,塚田耕平
928,arranger,APAZZI
929,lyricist,秋元康
929,composer,井上ヨシマサ
929,arranger,井上ヨシマサ
930,lyricist,秋元康
930,composer,ナスカ
931,lyricist,秋元康
931,composer,三谷秀甫
931,arranger,三谷秀甫
932,lyricist,秋元康
932,composer,村上遼
932,arranger,若田部誠
933,lyricist,秋元康
933,composer,饗庭純
934,lyricist,秋元康
934,composer,浦島健太
934,composer,H.Shing
934,arranger,今井大介
934,arranger,大野裕一
935,lyricist,秋元康
935,composer,シライシ紗トリ
936,lyricist,秋元康
936,composer,川浦正大
936,arranger,APAZZI
937,lyricist,秋元康
937,composer,ナスカ
937,arranger,野中“まさ”雄一
938,lyricist,秋元康
938,composer,YSU
938,arranger,APAZZI
939,lyricist,秋元康
939,composer,井上ヨシマサ
939,arranger,井上ヨシマサ
940,lyricist,秋元康
940,composer,井上ヨシマサ
940,arranger,井上ヨシマサ
941,lyricist,秋元康
941,composer,鶴久政治
941,composer,齋藤奏太
941,arranger,鶴久政治
941,arranger,齋藤奏太
942,lyricist,秋元康
942,composer,溝口雅大
942,arranger,野中“まさ”雄一
943,lyricist,秋元康
943,composer,浦島健太
943,composer,新Q
943,arranger,新Q
944,lyricist,秋元康
944,composer,TAKAROT
944,composer,Shoma Yamamoto
944,composer,Funk Uchino
944,arranger,TAKAROT
944,arranger,Shoma Yamamoto
945,lyricist,秋元康
945,composer,ナスカ
945,arranger,Stella
946,lyricist,秋元康
946,composer,柳沢英樹
946,arranger,柳沢英樹
947,lyricist,AI秋元康
947,composer,柴崎あゆみ
947,composer,Fi'Ne
947,arranger,Fi'Ne
948,lyricist,秋元康
948,composer,karia
948,arranger,APAZZI
949,lyricist,指原莉乃
949,composer,フジノタカフミ
949,arranger,フジノタカフミ
949,arranger,島田尚
950,lyricist,秋元康
950,composer,ペンギンス
950,composer,永野小織
950,composer,水流雄一朗
950,arranger,水流雄一朗
951,lyricist,澤本嘉光
951,composer,川口進
951,composer,MiNE
951,composer,Atsushi Shimada
951,arranger,Atsushi Shimada
952,lyricist,秋元康
952,composer,原一博
952,arranger,原一博
953,lyricist,秋元康
953,composer,h-wonder
953,arranger,h-wonder
954,lyricist,秋元康
954,composer,五戸力
955,lyricist,秋元康
955,composer,イイジマケン
956,lyricist,秋元康
956,composer,小網準
957,lyricist,秋元康
957,composer,白戸佑輔
958,lyricist,秋元康
958,composer,伊藤心太郎
959,lyricist,秋元康
959,composer,青木真一
960,lyricist,秋元康
960,composer,Solaya
961,lyricist,秋元康
961,composer,吉冨小百合
962,lyricist,秋元康
962,composer,中村望
963,lyricist,秋元康
963,composer,横健介
964,lyricist,秋元康
964,composer,岡田実音
965,lyricist,秋元康
965,composer,市川裕一
966,lyricist,秋元康
966,composer,多田慎也
967,lyricist,秋元康
967,composer,Rie
968,lyricist,秋元康
968,composer,小網準
969,lyricist,秋元康
969,composer,YORI
970,lyricist,秋元康
970,composer,上田晃司
970,arranger,野中“まさ”雄一
971,lyricist,秋元康
971,composer,島崎貴光
971,arranger,野中“まさ”雄一
972,lyricist,秋元康
972,composer,俊龍
972,arranger,原田ナオ
973,lyricist,秋元康
973,composer,ツキダタダシ
973,arranger,前口渉
974,lyricist,秋元康
974,composer,佐々倉有吾
974,arranger,野中“まさ”雄一
975,lyricist,秋元康
975,composer,五戸力
975,arranger,原田ナオ
976,lyricist,秋元康
976,composer,YUMA
976,arranger,武藤星児
977,lyricist,秋元康
977,composer,井上ヨシマサ
977,arranger,井上ヨシマサ
978,lyricist,秋元康
978,composer,池澤聡
978,arranger,池澤聡
979,lyricist,秋元康
979,composer,粟津彰
979,arranger,佐々木裕
980,lyricist,秋元康
980,composer,横健介
980,arranger,武藤星児
981,lyricist,秋元康
981,composer,多田慎也
981,arranger,野中“まさ”雄一
982,lyricist,秋元康
982,composer,後藤康二
982,arranger,後藤康二(ck510)
983,lyricist,秋元康
983,composer,伊藤心太郎
983,arranger,伊藤心太郎
984,lyricist,秋元康
984,composer,高木隆次
984,arranger,生田真心
985,lyricist,秋元康
985,composer,杉山勝彦
985,arranger,若田部誠
986,lyricist,秋元康
986,composer,フジノタカフミ
986,arranger,佐々木裕
987,lyricist,秋元康
987,composer,外山大輔
987,arranger,生田真心
988,lyricist,秋元康
988,composer,章夫
988,arranger,野中“まさ”雄一
989,lyricist,秋元康
989,composer,山田巧
989,arranger,板垣祐介
990,lyricist,秋元康
990,composer,Sungho
990,arranger,生田真心
991,lyricist,秋元康
991,composer,福田貴史
991,arranger,佐々木裕
992,lyricist,秋元康
992,composer,重永亮介
992,arranger,武藤星児
993,lyricist,秋元康
993,composer,川島有真
993,arranger,板垣祐介
994,lyricist,秋元康
994,composer,小澤正澄
994,arranger,小澤正澄
995,lyricist,秋元康
995,composer,森英治
995,arranger,原田ナオ
996,lyricist,秋元康
996,composer,太田美知彦
996,arranger,樫原伸彦
997,lyricist,秋元康
997,composer,Jupiter
997,arranger,増田武史
998,lyricist,秋元康
998,composer,福富雅之
998,arranger,福富雅之
999,lyricist,秋元康
999,composer,小川コータ
999,arranger,原田ナオ
1000,lyricist,秋元康
1000,composer,大貫和紀
1000,arranger,高島智明
1001,lyricist,秋元康
1001,composer,YORI
1002,lyricist,秋元康
1002,composer,浜崎裕司
1002,arranger,原田ナオ
1003,lyricist,秋元康
1003,composer,吉富小百合
1003,arranger,平田祥一郎
1004,lyricist,秋元康
1004,composer,重永亮介
1004,arranger,野中“まさ”雄一
1005,lyricist,秋元康
1005,composer,田辺恵二
1005,arranger,田辺恵二
1006,lyricist,秋元康
1006,composer,ハマサキユウジ
1006,arranger,ハマサキユウジ
1007,lyricist,秋元康
1007,composer,白戸佑輔
1007,arranger,板垣祐介
1008,lyricist,秋元康
1008,composer,吉木絵里子
1008,arranger,ハマサキユウジ
1009,lyricist,秋元康
1009,composer,KENGO
1009,arranger,KENGO
1010,lyricist,秋元康
1010,composer,井上ヨシマサ
1010,arranger,井上ヨシマサ
1011,lyricist,佐藤実絵子
1011,composer,佐藤実絵子
1011,arranger,野中“まさ”雄一
1012,lyricist,秋元康
1012,composer,川島有真
1012,arranger,野中“まさ”雄一
1013,lyricist,秋元康
1013,composer,シマダユウキ
1014,lyricist,秋元康
1014,composer,小網準
1014,arranger,野中“まさ”雄一
1015,lyricist,秋元康
1015,composer,斉門
1015,arranger,若田部誠
1016,lyricist,秋元康
1016,composer,フジノタカフミ
1017,lyricist,秋元康
1017,composer,原田雄一
1017,arranger,APAZZI
1018,lyricist,Matthew Garrard
1018,lyricist,Robbie Nevil
1018,composer,Matthew Garrard
1018,composer,Robbie Nevil
1019,lyricist,秋元康
1019,composer,中山聡
1019,composer,足立優
1019,arranger,佐々木裕
1020,lyricist,秋元康
1020,composer,シライシ紗トリ
1020,arranger,シライシ紗トリ
1021,lyricist,秋元康
1021,composer,川浦正大
1021,arranger,APAZZI
1022,lyricist,秋元康
1022,composer,西井昌明
1022,arranger,若田部誠
1023,lyricist,秋元康
1023,composer,小網準
1023,arranger,APAZZI
1024,lyricist,秋元康
1024,lyricist,ラップ詞:B-BANDJ
1024,lyricist,Jua
1024,composer,横健介
1024,arranger,ICHI
1025,lyricist,秋元康
1025,composer,youth case
1025,arranger,youth case
1026,lyricist,秋元康
1026,composer,Nobuaki Tanaka
1026,arranger,Nobuaki Tanaka
1027,lyricist,秋元康
1027,composer,デレク
1027,composer,ターナー
1027,arranger,武藤星児
1028,lyricist,秋元康
1028,composer,YU-JIN
1028,arranger,YU-JIN
1029,lyricist,秋元康
1029,composer,フジノタカフミ
1029,arranger,島田尚
1029,arranger,フジノタカフミ
1030,lyricist,秋元康
1030,composer,板垣祐介
1030,arranger,板垣祐介
1031,lyricist,秋元康
1031,composer,中村歩
1031,composer,菊池博人
1031,arranger,中村歩
1031,arranger,菊池博人
1032,lyricist,秋元康
1032,composer,渡辺徹
1032,arranger,渡辺徹
1033,lyricist,秋元康
1033,composer,杉山勝彦
1033,arranger,杉山勝彦
1033,arranger,谷地学
1034,lyricist,秋元康
1034,composer,YSU
1034,arranger,YSU
1035,lyricist,秋元康
1035,composer,Shota Kamatani
1035,arranger,AYOUNG
1036,lyricist,秋元康
1036,composer,カトウリョータ
1036,arranger,カトウリョータ
1037,lyricist,秋元康
1037,composer,加賀爪タッド
1037,composer,nasu nomura
1037,arranger,nasu nomura
1037,arranger,加賀爪タッド
1037,arranger,KRATING
1037,arranger,YAMOTO
1038,lyricist,秋元康
1038,composer,川浦正大
1038,arranger,APAZZI
1039,lyricist,秋元康
1039,composer,伊東大和
1039,arranger,伊東大和
1039,arranger,DjeDje
1040,lyricist,秋元康
1040,composer,横健介
1040,arranger,武藤星児
1041,lyricist,秋元康
1041,composer,GRAVITY
1041,arranger,GRAVITY
1042,lyricist,秋元康
1042,composer,五戸力
1042,arranger,生田真心
1043,lyricist,秋元康
1043,composer,つじたかひろ
1043,arranger,武藤星児
1044,lyricist,秋元康
1044,composer,すみだしんや
1044,arranger,生田真心
1045,lyricist,秋元康
1045,composer,田中俊亮
1045,arranger,増田武史
1046,lyricist,秋元康
1046,composer,田中俊亮
1046,arranger,野中“まさ”雄一
1047,lyricist,秋元康
1047,composer,田中明仁
1047,arranger,武藤星児
1048,lyricist,秋元康
1048,composer,川浦正大
1048,arranger,川浦正大
1049,lyricist,秋元康
1049,composer,渡辺未来
1049,arranger,高梨康治
1050,lyricist,秋元康
1050,composer,川浦正大
1050,arranger,野中“まさ”雄一
1051,lyricist,秋元康
1051,composer,酒井康男
1051,arranger,野中“まさ”雄一
1052,lyricist,秋元康
1052,composer,フジノタカフミ
1052,arranger,生田真心
1053,lyricist,秋元康
1053,composer,高田暁
1053,arranger,生田真心
1054,lyricist,秋元康
1054,composer,井上ヨシマサ
1054,arranger,井上ヨシマサ
1055,lyricist,秋元康
1055,composer,田中俊亮
1056,lyricist,秋元康
1056,composer,石井健太郎
1056,arranger,石井健太郎
1057,lyricist,秋元康
1057,composer,in the Tz
1057,arranger,野中“まさ”雄一
1058,lyricist,秋元康
1058,composer,高見沢俊彦
1058,arranger,生田真心
1059,lyricist,秋元康
1059,composer,フジノタカフミ
1060,lyricist,秋元康
1060,composer,中野ゆう
1060,arranger,若田部誠
1061,lyricist,秋元康
1061,composer,太田貴之
1061,arranger,太田貴之
1062,lyricist,秋元康
1062,composer,依光輝久
1062,arranger,依光輝久
1063,lyricist,秋元康
1063,composer,Carlos K.
1063,composer,Akira Sunset
1063,arranger,Akira Sunset
1063,arranger,Carlos K.
1064,lyricist,秋元康
1064,composer,aokado
1064,arranger,若田部誠
1065,lyricist,秋元康
1065,composer,渡邉沙志
1065,arranger,若田部誠
1066,lyricist,秋元康
1066,composer,Carlos K.
1066,arranger,Carlos K.
1067,lyricist,秋元康
1067,composer,藤本貴則
1067,arranger,武藤星児
1068,lyricist,秋元康
1068,composer,Carlos K.
1068,arranger,武藤星児
1069,lyricist,秋元康
1069,composer,大西俊也
1069,arranger,野中“まさ”雄一
1070,lyricist,秋元康
1070,composer,多田慎也
1070,arranger,島田尚
1071,lyricist,秋元康
1071,composer,島崎貴光
1071,arranger,島崎貴光
1072,lyricist,秋元康
1072,composer,Akira Sunset
1072,arranger,野中“まさ”雄一
1073,lyricist,秋元康
1073,composer,井上ヨシマサ
1073,arranger,井上ヨシマサ
1074,lyricist,秋元康
1074,composer,K-WONDER
1074,composer,SAS3
1074,arranger,APAZZI
1075,lyricist,秋元康
1075,composer,Sugaya Bros.
1075,composer,Miss-art
1075,arranger,Sugaya Bros.
1076,lyricist,秋元康
1076,composer,太田貴之
1076,arranger,太田貴之
1077,lyricist,秋元康
1077,composer,池澤聡
1077,arranger,APAZZI
1078,lyricist,秋元康
1078,composer,永見和也
1078,arranger,永見和也
1079,lyricist,秋元康
1079,composer,SoichiroK
1079,composer,Nozomu.S
1079,arranger,野中“まさ”雄一
1080,lyricist,秋元康
1080,composer,藤田克洋
1080,composer,N-Gram
1081,lyricist,秋元康
1081,composer,杉山勝彦
1081,arranger,野中“まさ”雄一
1082,lyricist,秋元康
1082,composer,CHOCOLATE MIX
1082,arranger,CHOCOLATE MIX
1083,lyricist,秋元康
1083,composer,大沢圭一
1083,composer,NONAGE
1083,arranger,大沢圭一
1084,lyricist,秋元康
1084,composer,柳沢英樹
1084,arranger,柳沢英樹
1085,lyricist,Carlos K.
1085,composer,Carlos K.
1085,arranger,Carlos K.
1086,lyricist,Yuya Fujinaka
1086,composer,Yuya Fujinaka
1086,arranger,Yuya Fujinaka
1087,lyricist,鈴木エレカ
1087,composer,鈴木エレカ
1087,arranger,oni
1088,lyricist,Ayaka Miyake
1088,composer,田中マッシュ
1088,arranger,田中マッシュ
1089,lyricist,JOE
1089,lyricist,Carlos K.
1089,composer,JOE
1089,composer,今川トモミチ
1089,arranger,今川トモミチ
1089,arranger,JOE
1090,lyricist,ぶっ恋呂百花
1090,composer,ぶっ恋呂百花
1090,arranger,ぶっ恋呂百花
1091,lyricist,丸谷マナブ
1091,composer,丸谷マナブ
1091,arranger,丸谷マナブ
1092,lyricist,Yuya Fujinaka
1092,composer,Carlos K.
1092,arranger,中野悟朗
1092,arranger,Carlos K.
1093,lyricist,山本彩
1093,lyricist,小嶋花梨
1093,lyricist,塩月希依音
1093,lyricist,坂田心咲
1093,lyricist,芳賀礼
1093,composer,山本彩
1093,composer,田中マッシュ
1093,arranger,田中マッシュ
1094,lyricist,鈴木エレカ
1094,composer,鈴木エレカ
1094,composer,pw.a
1094,arranger,pw.a
1095,lyricist,Carlos K.
1095,composer,Carlos K.
1095,composer,oni
1095,arranger,oni
1096,lyricist,Carlos K.
1096,lyricist,Yuya Fujinaka
1096,composer,Carlos K.
1096,composer,oni
1096,arranger,oni
1097,lyricist,秋元康
1097,lyricist,多田慎也
1097,composer,多田慎也
1097,arranger,中野悟朗
1098,lyricist,Carlos K.
1098,lyricist,島田陽子
1098,composer,T4K
1098,composer,Carlos K.
1098,composer,中村八大
1098,arranger,T4K
1098,arranger,Carlos K.
1099,lyricist,Akira Sunset
1099,lyricist,SoichiroK
1099,composer,SoichiroK
1099,composer,Nozomu.S
1099,arranger,Soulife
1100,lyricist,秋元康
1100,composer,吉野貴雄
1100,arranger,吉野貴雄
1101,lyricist,秋元康
1101,composer,市川裕一
1101,arranger,市川裕一
1102,lyricist,秋元康
1102,composer,春行
1102,arranger,武藤星児
1103,lyricist,秋元康
1103,composer,野中“まさ”雄一
1103,arranger,野中“まさ”雄一
1104,lyricist,秋元康
1104,composer,Disuke
1104,arranger,佐々木裕
1105,lyricist,秋元康
1105,composer,KASUMI
1105,composer,鈴木まなか
1105,arranger,野中“まさ”雄一
1106,lyricist,秋元康
1106,composer,杉森舞
1106,arranger,河田貴央
1107,lyricist,秋元康
1107,composer,川浦正大
1107,arranger,野中“まさ”雄一
1108,lyricist,秋元康
1108,composer,佐々木裕
1108,arranger,佐々木裕
1109,lyricist,秋元康
1109,composer,島崎貴光
1109,arranger,佐々木裕
1110,lyricist,秋元康
1110,composer,西島真実
1110,composer,力丸尊
1110,arranger,西島真実
1110,arranger,力丸尊
1111,lyricist,秋元康
1111,composer,バグベア
1111,arranger,若田部誠
1112,lyricist,秋元康
1112,composer,依光輝久
1112,arranger,依光輝久
1113,lyricist,秋元康
1113,composer,松本一也
1113,arranger,板垣祐介
1114,lyricist,秋元康
1114,composer,外山大輔
1114,arranger,武藤星児
1115,lyricist,秋元康
1115,composer,川島有真
1116,lyricist,秋元康
1116,composer,熊谷蘭
1117,lyricist,秋元康
1117,composer,K-WONDER
1117,composer,SAS3
1117,arranger,野中“まさ”雄一
1118,lyricist,秋元康
1118,composer,OmotiClub
1118,arranger,SI.V
1119,lyricist,秋元康
1119,composer,前迫潤哉
1119,composer,林武蔵
1119,arranger,林武蔵
1120,lyricist,秋元康
1120,composer,山下裕樹
1120,arranger,若田部誠
1121,lyricist,秋元康
1121,composer,泉田大志
1121,arranger,泉田大志
1122,lyricist,秋元康
1122,composer,近藤昭雄
1122,arranger,若田部誠
1123,lyricist,秋元康
1123,composer,Toshikazu.K
1123,arranger,Toshikazu.K
1124,lyricist,秋元康
1124,composer,A-NOTE
1124,composer,N-Sound
1125,lyricist,秋元康
1125,composer,戸田康平
1125,arranger,野中“まさ”雄一
1126,lyricist,秋元康
1126,composer,板垣祐介
1126,arranger,板垣祐介
1127,lyricist,秋元康
1127,composer,youth case
1127,arranger,梶原健生
1127,arranger,youth case
1128,lyricist,秋元康
1128,composer,youth case
1128,arranger,youth case
1128,arranger,たんしょそら
1129,lyricist,秋元康
1129,composer,ナスカ
1129,arranger,野中“まさ”雄一
1130,lyricist,秋元康
1130,composer,中村歩
1130,composer,野口大志
1130,arranger,中村歩
1130,arranger,野口大志
1131,lyricist,秋元康
1131,composer,田中マッシュ
1131,arranger,田中マッシュ
1132,lyricist,秋元康
1132,composer,SoichiroK
1132,composer,Nozomu.S
1132,arranger,佐々木望
1132,arranger,河田総一郎
1133,lyricist,Yukurino
1133,composer,竹縄航太(tarareba)
1133,composer,岩野亨(tarareba)
1133,arranger,竹縄航太(tarareba)
1133,arranger,岩野亨(tarareba)
1134,lyricist,Yoko Murata
1134,composer,森星矢(Core Creative)
1134,arranger,森星矢(Core Creative)
1134,arranger,名古育(Core Creative)
1135,lyricist,kiyo
1135,composer,kiyo
1135,arranger,kiyo
1136,lyricist,sorano
1136,composer,猟平
1136,composer,小檜山翔
1136,composer,太嘉志
1136,arranger,猟平
1137,lyricist,秋元康
1137,composer,小林祐二
1137,arranger,武藤星児
1138,lyricist,秋元康
1138,composer,井上ヨシマサ
1138,arranger,井上ヨシマサ
1139,lyricist,秋元康
1139,composer,Ryosuke“Dr.R”Sakai
1139,arranger,野中“まさ”雄一
1140,lyricist,秋元康
1140,composer,pakorama
1140,arranger,野中“まさ”雄一
1141,lyricist,秋元康
1141,composer,Linia
1141,arranger,野中“まさ”雄一
1142,lyricist,秋元康
1142,composer,斉門
1142,arranger,野中“まさ”雄一
1143,lyricist,秋元康
1143,composer,和泉一弥
1143,arranger,野中“まさ”雄一
1144,lyricist,秋元康
1144,composer,ジマエモン
1144,arranger,佐々木裕
1145,lyricist,秋元康
1145,composer,井上トモノリ
1145,arranger,APAZZI
1146,lyricist,秋元康
1146,composer,鈴木智貴
1146,arranger,APAZZI
1147,lyricist,秋元康
1147,composer,谷村庸平
1147,arranger,佐々木裕
1148,lyricist,秋元康
1148,composer,外山大輔
1148,arranger,外山大輔
1149,lyricist,秋元康
1149,composer,酒井康男
1149,arranger,清水哲平
1150,lyricist,秋元康
1150,composer,章夫
1150,arranger,佐々木裕
1151,lyricist,秋元康
1151,composer,外山大輔
1151,arranger,佐々木裕
1152,lyricist,秋元康
1152,composer,織田哲郎
1152,arranger,野中“まさ”雄一
1153,lyricist,秋元康
1153,composer,ツキダタダシ
1153,arranger,ツキダタダシ
1154,lyricist,秋元康
1154,composer,丸谷マナブ
1154,arranger,APAZZI
1155,lyricist,秋元康
1155,composer,バグベア
1155,arranger,APAZZI
1156,lyricist,秋元康
1156,composer,杉山勝彦
1156,arranger,杉山勝彦
1156,arranger,谷地学
1157,lyricist,秋元康
1157,composer,川浦正大
1157,arranger,野中“まさ”雄一
1158,lyricist,秋元康
1158,composer,バグベア
1158,arranger,野中“まさ”雄一
1159,lyricist,秋元康
1159,composer,三谷秀甫
1159,composer,Bassick
1159,arranger,Bassick
1159,arranger,三谷秀甫
1160,lyricist,秋元康
1160,composer,小網準
1161,lyricist,秋元康
1161,composer,小川コータ
1161,arranger,生田真心
1162,lyricist,秋元康
1162,composer,若田部誠
1162,arranger,野中“まさ”雄一
1163,lyricist,秋元康
1163,composer,杉山勝彦
1163,arranger,生田真心
1164,lyricist,秋元康
1164,composer,章夫
1164,arranger,若田部誠
1165,lyricist,秋元康
1165,composer,福田貴訓
1165,arranger,SHIKI
1166,lyricist,秋元康
1166,composer,truly truth
1166,arranger,野中“まさ”雄一
1167,lyricist,秋元康
1167,composer,後藤次利
1167,arranger,後藤次利
1168,lyricist,秋元康
1168,composer,川島有真
1168,arranger,若田部誠
1169,lyricist,秋元康
1169,composer,外山大輔
1169,arranger,野中“まさ”雄一
1170,lyricist,秋元康
1170,composer,鈴木秋則
1170,arranger,稲留春雄
1170,arranger,田口智則
1171,lyricist,秋元康
1171,composer,IKEZO
1171,arranger,IKEZO
1172,lyricist,秋元康
1172,composer,後藤康二(ck510)
1172,arranger,生田真心
1173,lyricist,秋元康
1173,composer,丸谷マナブ
1173,composer,本柳タカヲ
1174,lyricist,秋元康
1174,composer,池澤聡
1174,arranger,池澤聡
1175,lyricist,秋元康
1175,composer,FURUTA
1175,composer,Dr. Lilcom
1175,arranger,Dr.Lilcom
1176,lyricist,秋元康
1176,composer,大橋莉子
1176,arranger,若田部誠
1177,lyricist,秋元康
1177,composer,三日市吉陽
1177,arranger,三日市吉陽
1178,lyricist,秋元康
1178,composer,杉山勝彦
1178,arranger,杉山勝彦
1179,lyricist,秋元康
1179,composer,藤本貴則
1179,arranger,若田部誠
1180,lyricist,秋元康
1180,composer,山田健斗
1181,lyricist,秋元康
1181,composer,ジンツチハシ
1181,arranger,ジンツチハシ
1182,lyricist,秋元康
1182,composer,庄司裕
1182,arranger,庄司裕
1183,lyricist,秋元康
1183,composer,BASEMINT
1183,arranger,BASEMINT
1184,lyricist,秋元康
1184,composer,浦島健太
1184,composer,山口裕也
1184,arranger,吉村隆行
1185,lyricist,秋元康
1185,composer,丸山真由子
1185,arranger,若田部誠
1186,lyricist,秋元康
1186,composer,太志
1186,arranger,長谷川大介
1187,lyricist,秋元康
1187,composer,山田智和
1187,arranger,住谷翔平
1188,lyricist,秋元康
1188,composer,YU-JIN
1188,arranger,YU-JIN
1189,lyricist,秋元康
1189,composer,Toshikazu.K
1189,composer,川浦正大
1189,arranger,Toshikazu.K
1190,lyricist,秋元康
1190,composer,渡辺淳
1190,arranger,APAZZI
1191,lyricist,秋元康
1191,composer,上田晃司
1191,arranger,住谷翔平
1192,lyricist,秋元康
1192,composer,ジンツチハシ
1192,arranger,ジンツチハシ
1193,lyricist,秋元康
1193,composer,柳沢英樹
1193,arranger,柳沢英樹
1194,lyricist,秋元康
1194,composer,三谷秀甫
1194,arranger,三谷秀甫
1194,arranger,藤代佑太郎
1195,lyricist,秋元康
1195,composer,井口貴弘
1195,arranger,Fi'Ne
1196,lyricist,秋元康
1196,composer,youth case
1196,arranger,YouSee
1197,lyricist,秋元康
1197,composer,オオヤギヒロオ
1197,arranger,オオヤギヒロオ
1198,lyricist,秋元康
1198,composer,板垣祐介
1198,arranger,板垣祐介
1199,lyricist,秋元康
1199,composer,aokado
1199,arranger,aokado
1200,lyricist,秋元康
1200,composer,大河原昇
1200,arranger,若田部誠
1201,lyricist,秋元康
1201,composer,斉門
1201,arranger,野中“まさ”雄一
1202,lyricist,秋元康
1202,composer,ツキダタダシ
1202,arranger,APAZZI
1203,lyricist,秋元康
1203,composer,木下めろん
1203,arranger,野中“まさ”雄一
1204,lyricist,秋元康
1204,composer,大濱健悟
1204,arranger,APAZZI
1205,lyricist,秋元康
1205,composer,A-NOTE
1205,composer,N-Sound
1205,arranger,野中“まさ”雄一
1206,lyricist,秋元康
1206,composer,鶴久政治
1206,arranger,Hiroya.T
1207,lyricist,秋元康
1207,composer,三谷秀甫
1207,arranger,APAZZI
1208,lyricist,秋元康
1208,composer,鶴久政治
1208,arranger,Hiroya.T
1209,lyricist,秋元康
1209,composer,YSU
1209,arranger,YSU
1210,lyricist,秋元康
1210,composer,木下めろん
1210,arranger,野中“まさ”雄一
1211,lyricist,秋元康
1211,composer,Hiro Hoashi
1211,arranger,Hiro Hoashi
1212,lyricist,秋元康
1212,composer,渡辺未来
1213,lyricist,秋元康
1213,composer,木下めろん
1213,arranger,木下めろん
1214,lyricist,秋元康
1214,composer,渡辺未来
1215,lyricist,秋元康
1215,composer,渡辺未来
1216,lyricist,秋元康
1216,composer,吉田司
1216,composer,早川博隆
1216,arranger,早川博隆
1217,lyricist,秋元康
1217,composer,渡辺未来
1218,lyricist,秋元康
1218,composer,渡辺未来
1219,lyricist,秋元康
1219,composer,飯田清澄
1219,arranger,飯田清澄
1220,lyricist,秋元康
1220,composer,渡辺未来
1221,lyricist,秋元康
1221,composer,渡辺未来
1222,lyricist,秋元康
1222,composer,須永俊
1222,arranger,須永俊
1223,lyricist,秋元康
1223,composer,渡辺未来
1224,lyricist,秋元康
1224,composer,井上トモノリ
1224,arranger,水島康貴
1225,lyricist,秋元康
1225,composer,GRP
1225,arranger,野中“まさ”雄一
1226,lyricist,秋元康
1226,composer,小野貴光
1226,arranger,若田部誠
1227,lyricist,秋元康
1227,composer,飯野麟太郎
1227,arranger,飯野麟太郎
1228,lyricist,秋元康
1228,composer,未来
1228,arranger,若田部誠
1229,lyricist,秋元康
1229,composer,A-NOTE
1229,composer,T.INOUE
1229,arranger,T.INOUE
1229,arranger,A-NOTE
1230,lyricist,秋元康
1230,composer,大濱健悟
1230,arranger,大濱健悟
1231,lyricist,秋元康
1231,composer,谷村庸平
1231,arranger,野中“まさ”雄一
1232,lyricist,秋元康
1232,composer,入江徹
1232,arranger,入江徹
1233,lyricist,秋元康
1233,composer,鈴木裕哉
1233,composer,藤原彩豊
1233,arranger,若田部誠
1234,lyricist,秋元康
1234,composer,CHOCOLATE MIX
1235,lyricist,秋元康
1235,composer,A-NOTE
1235,composer,S-TONE
1235,arranger,A-NOTE
1235,arranger,S-TONE
1236,lyricist,秋元康
1236,composer,MasaHERO Ohsawa
1236,arranger,若田部誠
1237,lyricist,秋元康
1237,composer,井上トモノリ
1237,arranger,大沢圭一
1238,lyricist,秋元康
1238,composer,上田晃司
1238,arranger,草野よしひろ
1239,lyricist,秋元康
1239,composer,Toshikazu.K
1239,arranger,Toshikazu.K
1240,lyricist,秋元康
1240,composer,amazuti
1240,arranger,amazuti
1241,lyricist,秋元康
1241,composer,デレク
1241,composer,ターナー
1241,arranger,野中“まさ”雄一
1242,lyricist,秋元康
1242,composer,Toshikazu.K
1242,composer,Yugo.A
1242,arranger,Toshikazu.K
1243,lyricist,秋元康
1243,composer,嶋田啓介
1243,composer,湯口亮
1243,arranger,嶋田啓介
1243,arranger,湯口亮
1244,lyricist,秋元康
1244,composer,つげ由秀
1244,arranger,APAZZI
1245,lyricist,秋元康
1245,composer,藤田卓也
1245,arranger,藤田卓也
1246,lyricist,秋元康
1246,composer,Yugo.A
1246,composer,S-TONE
1246,arranger,S-TONE
1246,arranger,Yugo.A
1247,lyricist,秋元康
1247,composer,blanc
1247,arranger,久保田剛崇
1248,lyricist,秋元康
1248,composer,川添広希
1248,arranger,渡辺亮希
1248,arranger,川添広希
1249,lyricist,秋元康
1249,composer,川浦正大
1249,arranger,川浦正大
1250,lyricist,秋元康
1250,composer,山口寛雄
1250,arranger,山口寛雄
1251,lyricist,秋元康
1251,composer,2tros
1251,arranger,2tros(Digz
1251,arranger,Inc. Group)
1252,lyricist,秋元康
1252,composer,柳沢英樹
1252,arranger,柳沢英樹
1253,lyricist,秋元康
1253,composer,石崎光
1253,arranger,石崎光
1254,lyricist,澤本嘉光
1254,composer,Azupiano
1254,arranger,Azupiano
1255,lyricist,田中経一
1255,composer,渡辺拓也
1255,arranger,渡辺拓也
