song_id,title,lyricist,composer,arranger,release_year,release_title,release_type,members,center,formation_rows,opening_lyrics,full_lyrics,song_url
1,てっぺんとったんで！,秋元康,横健介,武藤星児,2013,てっぺんとったんで！,other,,,,"負けへんで！
(負けたらあかん！)","負けへんで！
(負けたらあかん！)
負けへんで！
(負けたらあかん！)

AHー　見渡せば
あっちも　そっちも　ライバルやん
AHー　あんたってな
恋の倍率が高すぎ
って言うても
降りひんで
「喧嘩腰にならんかったら恋やない」

その可愛いコ
どつき倒しちゃうくらいに
恥も見えも外聞も
すべて捨てて戦うで！

カチコミや
てっぺん　てっぺんとったんで
欲しいものは欲しいわ
女のてっぺんとったんで
こんな気持ち初めてや
好きやねん
(告白(こく)らなあかん)
女のてっぺんとったんで
じっと指をくわえて
見てるだけじゃアホやで
当たって砕けてナンボや

負けへんで！
(負けたらあかん！)

AHー　親友に
相談してみりゃライバルやん
AHー　友情もな
関係ないよな競争や
選ばれるんは一人だけ
世界一しあわせな恋人よ

おう　噛み付くで
舐められちゃったら終わりや
近寄る者を蹴落として
愛はいつも命懸け

猪突猛進
てっぺん　てっぺんとったんで
２等なんかいらんわ
日本のてっぺんとったんで
胸の奥が痛いねん
つきおうて
(つきおうてやれ)
日本のてっぺんとったんで
もっとこの手伸ばして
掴み取らな嘘やろ
目指す夢はオンリーワン

カチコミや
てっぺん　てっぺんとったんで
欲しいものは欲しいわ
女のてっぺんとったんで
こんな気持ち初めてや
好きやねん
(告白(こく)らなあかん)
女のてっぺんとったんで
じっと指をくわえて
見てるだけじゃアホやで
当たって砕けてナンボや

負けへんで！
(負けたらあかん！)
負けへんで！
(負けたらあかん！)",https://www.uta-net.com/song/142444/
2,絶滅黒髪少女,秋元康,GRAVITY,GRAVITY,2013,てっぺんとったんで！,other,,,,"君はどこの誰なの？
はっとする清純","君はどこの誰なの？
はっとする清純
みんなの視線集めて
海の家まで歩く

シュワシュワ
石鹸の泡みたい
白いさざ波
砂浜
汚(けが)れを知らないまま

絶滅の危機
黒髪
少女よ
OH !
守りたい
絶滅の危機
黒髪
少女よ
OH !　保護したい
やっと出会った(やっと出会った)
黒髪少女よ

僕は君に夢中さ
ずっと追いかけたいよ
写真を撮っていいかな?
ちょっと感動してる

ピュアピュア
誰だって　生まれたその瞬間は…
いつしか
大人になって変わる

天然記念物
清楚な
少女よ
OH !
珍しい
天然記念物
すっぴん
少女よ
OH !　美しい
茶髪全盛(茶髪全盛)
奇跡の少女よ

絶滅の危機
黒髪
少女よ
OH !
守りたい
絶滅の危機
黒髪
少女よ
OH !　保護したい
やっと出会った(やっと出会った)
黒髪少女よ

なかなかいないよ
黒髪
少女よ
OH !
滅び行く
なかなかいないよ
黒髪
少女よ
OH !　日本の美
守ってくれよ(守ってくれよ)
黒髪少女よ",https://www.uta-net.com/song/116356/
3,オーマイガー！,秋元康,五戸力,生田真心,2013,てっぺんとったんで！,other,,,,"部活帰りで油断していた
汗にまみれたジャージの上下","部活帰りで油断していた
汗にまみれたジャージの上下
商店街で買ったコロッケ
ハフハフハフって頬張ってた

ふいに誰かから
声を掛けられて
振り返ったその瞬間

オーマイガー!
だってだってあなたがいた
(片想い中)
よりによって
こんな状況で…
だってだって女の子だもん
(Bad timing)
可愛い私で会いたかったのに…

夕陽の中で微笑むあなた
いつものような爽やか路線
ぺたっとした髪　変なピンどめ
今の私はすっぴん路線

恋をする方は
後悔ばかりで
自信なんか持てないよ

オーマイガー!
ずっとずっと反省会
(ショックだわ)
こんな格好で
会っちゃうなんて
ずっとずっと大好きなのに…
(大失敗)
よそいきの顔で会いたかったのに…

オーマイガー!
だってだってあなたがいた
(片想い中)
よりによって
こんな状況で…
だってだって女の子だもん
(Bad timing)
可愛い私で会いたかったのに…

あなたが笑う
「君らしくて　君らしくて
君らしくて　好きさ」",https://www.uta-net.com/song/120668/
4,純情U-19,秋元康,つじたかひろ,武藤星児,2013,てっぺんとったんで！,other,,,,"学校帰り
あなたに誘われた","学校帰り
あなたに誘われた
「今夜　うちに遊びに来いよ」
家族はみんな
旅行中ってことね
2人きりで門限破り

あ～そんな時がいつかやって来ると
女の子は誰も　夢を見ているけど…

19歳(じゅうく)まで
純情を守らせてくれ
もったいぶって
焦(じ)らすんじゃなくて
そう決めていたのよ
大人にはなれるでしょう
いつの日にか
だから　もう少しだけ
鉄のパンツ

「何もしない」って
トラップの常套句(じょうとうく)
お姉ちゃんたちが言っていたわ
恋の旨味は
スリルがスパイスで
抑えきれない好奇心

ねえ～そんな顔でマジで拗ねてないで
男の子はもっと　我慢をしなさい

19歳(じゅうく)まで
純情を貫きたいよ
甘い言葉や
成り行きなんかで
流されたくないの
あなたのこと愛してる
大事な人
何歳(いくつ)　歳を取ったら
わかり合える?

19歳(じゅうく)まで
純情を守らせてくれ
もったいぶって
焦(じ)らすんじゃなくて
そう決めていたのよ
大人にはなれるでしょう
いつの日にか
だから　もう少しだけ
鉄のパンツ",https://www.uta-net.com/song/125296/
5,ナギイチ,秋元康,すみだしんや,生田真心,2013,てっぺんとったんで！,other,,,,"灼熱の砂浜
寝そべった水着ショー","灼熱の砂浜
寝そべった水着ショー
海のその青さ
空まで染みる
散らばったジュエルが
キラキラと輝いて
目移りするなら盗んじゃえ!

そばにいすぎて
慣れてしまった
大事なものが
ここに　あるよ　きっと…
思い出せ!

渚で一番かわいいGirl
あなたはどの娘(こ)を指差すの?
ナギイチ　はっきりしようじゃないか
夏の恋は　誰と…誰とする?

ハンパない太陽
照りつける光と影
どこが熱いかとか
見当つかない
どれくらい思えば
愛しさをかたちにして
あなたまでちゃんと伝わるの?

友達じゃなく
恋人じゃない
自由な距離さ
いつの　日にか　きっと…
わかるんだ

渚で一番かわいいGirl
当然　私は自信ある
ナギイチ　白黒つけようじゃないか
夢の中でキスを…キスをしよう

渚で一番かわいいGirl
あなたはどの娘(こ)を指差すの?
ナギイチ　はっきりしようじゃないか
答えなさい　誰と…誰と…
夏の恋は　結局　私でしょう?",https://www.uta-net.com/song/129419/
6,ヴァージニティー,秋元康,田中俊亮,増田武史,2013,てっぺんとったんで！,other,,,,"ねえ　キスをしたって
減るもんじゃない","ねえ　キスをしたって
減るもんじゃない
言いたいこと　わかるけど
でも　キスしちゃったら
何か減るんだ
私の中の
ヴァージニティー

日が暮れて行く教室の外
窓枠の空が砂時計
カーテン引いたあなたが急に
大人に見える

そう　好きよ　誰より好きは好きよ
冷静じゃダメなんだ

ねえ　キスをしたって
減るもんじゃない
男の子は思うでしょ?
でも　キスしちゃったら
きっと変わるよ
パパに言えない
ヴァージニティー
汚さないで
ヴァージニティー

非常階段　緑のサイン
ぼんやり浮かんだ廊下で
冗談言って　あなたの顔が
近づいて来た

もう　無理よ　私　こんなの初めて
感情はストレート

ほら　キスをした後
減ってしまった
それが何かわからない
そう　キスされながら
瞼　閉じてた
愛の代わりに
ヴァージニティー
背伸びしてる
ヴァージニティー

ねえ　キスをしたって
減るもんじゃない
言いたいこと　わかるけど
でも　キスしちゃったら
何か減るんだ
私の中の
ヴァージニティー
ヴァージニティー
ヴァージニティー
ヴァージニティー",https://www.uta-net.com/song/133605/
7,北川謙二,秋元康,田中俊亮,野中“まさ”雄一,2013,てっぺんとったんで！,other,,,,"ずっと気になってたんだ
微(かす)かな風の噂","ずっと気になってたんだ
微(かす)かな風の噂
君がつき合ってた彼氏
会いたくなんてないけど
そう　このカフェテリアで
偶然　遭遇してしまった

いたずらっぽいウィンクしながら
顎の先で合図した

Look at
あれが北川謙二だ
君はそっとつぶやいて
僕の　(僕の)
反応　(反応)
楽しんでる
Look at
まさに北川謙二だ
僕はちょっと苛ついて
今の君をもう一度抱きしめる

きっと　聞けないだろう
一番好きな人が
誰とつき合っていたか…
僕は　嫉妬深くて
器も小さすぎる
過去のことも許せないんだ

もしも目の前に　彼がやって来たら
愛のために　戦おう

He is…
あれが北川謙二だ
君は懐かしそうだね
彼の　(彼の)
甘い　(甘い)
そのスマイル
He is…
だけど北川謙二だ
君をしあわせにできなかった
そう　そんな奴に負けたくないんだ

Look at
あれが北川謙二だ
君はわざと大声で
愛と　(愛と)
愛を　(愛を)
試している
Look at
つまり北川謙二だ
そして僕はわかったよ
今の君がキレイなのは
彼のおかげ",https://www.uta-net.com/song/137469/
8,HA!(NMB48バージョン),秋元康,田中明仁,武藤星児,2013,てっぺんとったんで！,other,,,,"HA !
誰か !","HA !
誰か !
私だけ好きになってよ
Love me do !
HA !
恋に破れて
ハートはちょっと出血中
手当をしなさい
やさしく…
HA !
誰か !
お似合いの２人になれる
We can do !
HA !
女の子だから
すぐに立ち直る
No more cry !

失恋を癒すには
さあ　次の恋だ

あなた ! あなた ! あなた !
そこを行く
あなた ! あなた ! あなた !
一般人 !
あんな奴の記憶なんか
その上から書き換えて !
そう　愛こそがボランティア !

HA !
早く !
運命の虜にしてよ
Fall in love !
HA !
夢も破れて
最近ちょっと不眠症
歌って欲しいの
ララバイ
HA !
腕に
抱かれたらぐっすり眠る
Give me love !
HA !
男の子たちは
いつもどうするの？
Tell me why ?

悲しみを埋めるには
しあわせの予感

君だ ! 君だ ! 君だ !
そこにいる
君だ ! 君だ ! 君だ !
赤の他人
彼のことは忘れさせて
さあ新たな人生を !
そう　出会いこそボランティア !

思い出は邪魔になる
前向いて行こう !

あなた ! あなた ! あなた !
そこを行く
あなた ! あなた ! あなた !
一般人 !
あんな奴の記憶なんか
その上から書き換えて !
そう　愛こそがボランティア !",https://www.uta-net.com/song/142443/
9,12月31日,秋元康,川浦正大,川浦正大,2013,てっぺんとったんで！,other,,,,"去年のことを思い出す度
涙が出るよ","去年のことを思い出す度
涙が出るよ
あの大晦日
小さな部屋に一人ぼっち

そう友達は仕事していて
忙しそうで
コンビニで買ったおでん食べながら
紅白を観てた

大勢の若いアイドルが歌ってる
踊っている
私はどうしてここにいる？

ふいに涙
溢れ出して
頬を伝う
そのぬくもり
自分でさえ
あんなに泣いてた理由(わけ)
今でもわからない

田舎の母に
帰らないこと
電話してたら
遠い空から除夜の鐘に叱られたんだ

今年こそ　絶対　あの場所に立っている
笑っている
私は自分に約束しよう

この思いを
胸に秘めて
命懸(いのちが)けで
やるしかない
あの屈辱
一緒に悔しがった
みんなが微笑むまで

ふいに涙
溢れ出して
頬を伝う
そのぬくもり
自分でさえ
あんなに泣いてた理由(わけ)
今でもわからない",https://www.uta-net.com/song/142442/
13,NMB48,秋元康,渡辺未来,高梨康治,2013,てっぺんとったんで！,other,,,,"愛しのNAMBAは
グランド花月","愛しのNAMBAは
グランド花月
居酒屋「たこしげ」
二見の豚まん
兄ちゃんも歩け！歩け！
戎橋
ぶらり　ぶらり　自由軒
あれは　グリコの看板
りくろーおじさんはそこ
豹柄姉ちゃんも
ミス大阪
なんばCITY　なんばウォーク
NAMBAなんなん
HIPS　Hatch

ほな　難波48
うちのとこに
会いに来て
誰よりも
好きになって
頼むわ
なぁ　なぁ
ほな、いくで　難波48
うちのとこに
会いに来て
ここの場所で夢を追いかけるから
応援してな

楽しいNAMBAは
千とせの「肉吸い」
スイスホテル南海大阪
北極　純喫茶フジ
平日もワッショイ！ワッショイ！
くいだおれ
並べ！並べ！
金龍ラーメン
あれは　千日前ファミリーボウル
551も人気だよ

わなか　重亭　北極星
しき浪　milkhall
でんでんタウン
道頓堀

ほな　難波48
一度観たら
やめられへん
また　明日
観に来るやろ？
必ず
Come On! Come On！
そや、うちら　難波48
一度観たら
やめられへん
うちの名前を　絶対に覚えて
指切りやで　イェーイ　イェーイ

ほな　難波48
うちのとこに
会いに来て
誰よりも
好きになって
頼むわ
なぁ　なぁ
ほな、いくで　難波48
うちのとこに
会いに来て
ここの場所で夢を追いかけるから
応援してな

ほな　難波48
ほな、いくで　難波48
そや　難波48
ほな、いくで　難波48",https://www.uta-net.com/song/142439/
14,青春のラップタイム,秋元康,川浦正大,野中“まさ”雄一,2013,てっぺんとったんで！,other,,,,"君との約束を
忘れたわけじゃなく","君との約束を
忘れたわけじゃなく
バスケの練習で
遅れてしまったんだ

「彼女を待たせてるから」なんて
言い出せやしないだろう?
学校を出て
駅までの道
AH-　全力疾走
(GO!GO! GO!GO!GO!)

青春のラップタイム
競うみたいに
息を切らし
汗びっしょりになって
1秒でも巻き返そう
たったひとつの理由は
好きだから

携帯かけるより
渋滞のバスより
君が待つ場所まで
走る方がいいさ

夕陽が落ちる直前の空は
ため息の風が吹き
予定のずれた
今日の事情を
AH-　忘れてくれる
(GO!GO! GO!GO!GO!)

青春のラップタイム
自己ベストだよ
陸上部から
スカウトされるかもね
愛が僕を走らせるんだ
こんなに急いでいるのは
好きだから

青春のラップタイム
競うみたいに
息を切らし
汗びっしょりになって
1秒でも巻き返そう
青春のラップタイム
自己ベストだよ
脇目ふらず
君が待つあの場所まで
一生懸命に
走ることさ
たったひとつの理由は
好きだから",https://www.uta-net.com/song/116355/
15,僕は待ってる,秋元康,酒井康男,野中“まさ”雄一,2013,てっぺんとったんで！,other,,,,"誰かが道に迷った時は
どこへだって探しに行く","誰かが道に迷った時は
どこへだって探しに行く
誰かが足を痛めたら
僕は肩を貸すだろう

どんな困難が待ってても
弱音なんか言ったりするな
だって　いつかは夢の場所まで
行こうと誓った仲間じゃないか

生きることは
傷つくことだ
過ちばかりを繰り返すもの
まわりの人に迷惑をかけて
「置いて行って」と泣く君を
僕は見捨てない

君の荷物が重いのならば
その半分を持ってあげる
だから　もう一度歩き出そう
脱落者は出したくないんだ
負けるな

思い出せよ
自分の夢を…
こんなところであきらめるのか?
寄り道しても少し休んでも
君がまた歩き出す日まで
僕は待ってる

生きることは
傷つくことだ
過ちばかりを繰り返すもの
まわりの人に迷惑をかけて
「置いて行って」と泣く君を
僕は見捨てない",https://www.uta-net.com/song/120667/
1,イビサガール,秋元康,フジノタカフミ,生田真心,2014,世界の中心は大阪や ～なんば自治区～,other,,,,"Go! Go! Ibiza Ibiza girl!
Go! Go! Ibiza Ibiza girl!","Go! Go! Ibiza Ibiza girl!
Go! Go! Ibiza Ibiza girl!
Go! Go! Go ! Go!

青い海と太陽と
君がそこにいるだけで
まるで地中海の写真
風を感じる

ちょっと　気の早い
クラブのミュージック
踊るsandy beach
ハートも灼けて来る

真夏日は (Go! Go! Ibiza!)
恋をしよう(Ibiza girl!)
こんなに暑いと
他にやることもないだろう？
思い切り(Go! Go! Ibiza!)
キスをしよう(Ibiza girl!)
時間なんて
波の数ほど
ここにはあるよ

Go! Go! Ibiza Ibiza girl!
Go! Go! Ibiza Ibiza girl!
Go! Go! Go! Go!

沈む夕陽と潮風
君が振り返るだけで
僕のスペインが見える
あの日のように…

ちょっとセクシーな
ドレスに着替えて
夜はこれから
明け方がクライマックス

真夏日は(Go! Go! Ibiza!)
恋をしよう(Ibiza girl!)
気温以上に
燃えなきゃしょうがないだろう
ロマンティックな(Go! Go! Ibiza!)
汗をかこう(Ibiza girl!)
そうさ　今を
楽しむことが
生きる意味さ

I・B・I・Z・A　IBIZA　Go! Go!
I・B・I・Z・A　IBIZA　Go! Go!
I・B・I・Z・A　IBIZA　Go! Go!
I・B・I・Z・A　IBIZA　Go! Go!

真夏日は(Go! Go! Ibiza!)
恋をしよう(Ibiza girl!)
こんなに暑いと
他にやることもないだろう？
思い切り(Go! Go! Ibiza!)
キスをしよう(Ibiza girl!)
時間なんて
波の数ほど
ここにはあるよ

Go! Go! Ibiza Ibiza girl!
Go! Go! Ibiza Ibiza girl!
Go! Go! Go! Go!",https://www.uta-net.com/song/167512/
2,僕らのユリイカ,秋元康,高田暁,生田真心,2014,世界の中心は大阪や ～なんば自治区～,other,,,,"いつもの“青”より
もっと深い“青”だ","いつもの“青”より
もっと深い“青”だ
湾の内側の海は色を変え生きる
なぜ　恋人たちはここまで来るのだろう？
愛を囁くには波音が必要？

原付バイクを飛ばして
家まで帰る道筋
わざと山側を選んで来た
そういう目で君を見ない

僕らのユリイカ
発見したんだ
ずっと近くにいたのに
初めての感情
夏の太陽に目を細めた時
君のことをキレイだと思った

多くの事実は
底に隠れている
ただの友達の境　潮の流れ次第
なぜ　大人になると正直になれないの?
愛の告白には砂浜が最適？

2台のバイクが並んで
国道からの脇道
海に行こうって言い出したのは
どっちが先だってよかった

僕らのユリイカ
思わず叫んだ
まさか同(おんな)じ気持ちを
持ち始めたこと
「わかった　これだ！」とピンと来たその時
ギリシャの言葉　思い出したんだ

僕らのユリイカ
発見したんだ
ずっと近くにいたのに
初めての感情
夏の太陽に目を細めた時
君のことをキレイだと思った",https://www.uta-net.com/song/147813/
3,カモネギックス,秋元康,井上ヨシマサ,井上ヨシマサ,2014,世界の中心は大阪や ～なんば自治区～,other,,,,"カモネギックス！…
あっと言う間の出来事","カモネギックス！…

あっと言う間の出来事
出会い頭の一瞬で
胸の奥の大事なもの
持って行かれた　持って行かれた
失恋したばかりだったし
恋なんかもうごめんだって
思ってたのに　あきれちゃうわ

油断した私が
ハートときめかせたせいね
その目に見つめられ
ポーっとしてしまった

カモネギックス！　You're so cool！
ロマンティックタイミング　狙われて
カモがねぎ背負(しょ)って
ウェルカム　ウェルカム　ウェルカム　TO LOVE
カモネギックス！　You're so cool！
経験上　危険でも
女は懲りないもの
ウェルカム　ウェルカム　ウェルカム　TO LOVE

ちょっとつきあっただけで
さっと嵐は過ぎ去って
思い出までごっそりと
ヤラレチャッタ　ヤラレチャッタ
恋は何回しても
学習しないわ
バツばっかり　バツばっかり

でもなぜか　今でも
あなた　憎く思えないの
短い間でも
しあわせだったし…

ナキワラックス！　Please come back！
泣きながら　微笑んで
忘れな草よ
Forget Forget Forget-me-not
ナキワラックス！　Please come back！
友達に　叱られても
忘れて　忘れないで
Forget Forget Forget-me-not

カモネギックス！…

カモネギックス！　You're so cool！
ロマンティックタイミング　狙われて
カモがねぎ背負(しょ)って
ウェルカム　ウェルカム　ウェルカム　TO LOVE
カモネギックス！　You're so cool！
経験上　危険でも
女は懲りないもの
ウェルカム　ウェルカム　ウェルカム　TO LOVE

あっと言う間の出来事",https://www.uta-net.com/song/153010/
4,高嶺の林檎,秋元康,田中俊亮,,2014,世界の中心は大阪や ～なんば自治区～,other,,,,"手の届く
枝になった林檎は","手の届く
枝になった林檎は
君じゃない
誰かも手を伸ばす
みんなが
あきらめてるような
高い木の上
探さないのか？

なぜ君は
絶対失敗しない
手頃な
夢だけを選ぶのか？
結果を
出せないこととは
チャレンジするより
だめなことか？
そんな近くに
夢はないんだ

僕は無理をする
妥協はしない
冷ややかな目で
見られたって…
僕は無理をする
すべてを懸けて
平均点はいらない
高嶺の林檎よ

落ちて来る
幸運を待っても
その時間
もったいないだろう
自分から
木に登ったりして
リスク持たなきゃ
手に入らない

勝ち負けは
どうでもいいなんて
自分に
弁解をするなよ
何かを競い合うことは
そう努力する
モチベーション
汗の分だけ
美味しいんだ

どうせやるのなら
1位を狙え
誰も羨(うらや)む
最高峰
どうせやるのなら
ランク落とすな
たった1つの目標
高嶺の林檎よ

僕は無理をする
妥協はしない
冷ややかな目で
見られたって…
僕は無理をする
すべてを懸けて
平均点はいらない
高嶺の林檎よ",https://www.uta-net.com/song/161655/
5,“生徒手帳の写真は気に入っていない”の法則,秋元康,石井健太郎,石井健太郎,2014,世界の中心は大阪や ～なんば自治区～,other,,,,"リュックサックの中
入れていたはずの","リュックサックの中
入れていたはずの
生徒手帳がなくなっていた
通学路　逆に
戻ってみたけど
道の途中に見つからなかった

携帯電話に見たことない番号
「駅で拾ったんだ」って
男の子の声ドキドキした

生徒手帳　その写真
気に入っていない法則
運命的　出会いだったら
どうすればいいの？
だからちゃんと目をパッチリと
メイクして加工して
プリクラみたい裏技とかで
盛ればよかった
なんて後悔しちゃう
だって　そんな私だもん
可愛くない　最悪だわ
今すぐdelete

「どこでもいいから
預けてください」
そう　彼にお願いをしたのに…
「直接渡したい」
押し切られちゃって
駅の改札　待ち合わせした

少女漫画の
主人公みたいな
めちゃカッコいい男の子が
私を見て　すぐに手を振ったの

生徒手帳　その写真
気に入っていない法則
運命的　出会いだったら
どうすればいいの？
だからちゃんと目をパッチリと
メイクして加工して
プリクラみたい裏技とかで
盛ればよかった
なんて後悔しちゃう
だって　そんな私だもん
可愛くない　最悪だわ
今すぐdelete

「この写真よりも
生で会った方が
100万倍可愛いんで
マジ驚いた」って言ってくれた

生徒手帳　その写真
そのままがいい法則
ノーメイクでハードル下げ
期待させずに…
ほら　そうすれば　あら不思議
本人が輝くよ
「ねえ意外に可愛いね」って
言ってもらえる
そうだ　証明写真
ありのままの自分でいい
そこから先　会った時に
キレイになろう",https://www.uta-net.com/song/167511/
10,抱きしめたいけど,秋元康,in the Tz,野中“まさ”雄一,2014,世界の中心は大阪や ～なんば自治区～,other,,,,"AH-　この掌を
水平線と平行にして眺めてた","AH-　この掌を
水平線と平行にして眺めてた
AH-　夏の陽射しが
トビウオのように青い海を跳ねてる

次のバスが来るまで
僕たちはまだ恋人だ
もう少しだけこのままで…
思い出にするには早い

抱きしめたいけど
寂しさに慣れよう
君がいない未来
すぐに始まる
まだ消えぬ愛は
この砂浜に置いて行く
こんなに誰かを
もう二度と愛せないだろう

AH-　どんな言葉で
今の気持ちを伝えればいいかわからなくて
AH-　星がいくつか
空に見えたら君の瞳も輝く

最終のバスだよ
僕たちもサヨナラの時
甘い季節も過ぎて行く
見送る海が騒ぐ波

抱きしめたいけど
キスをしてしまいそう
僕がいない未来
邪魔はできない
出逢えたことまで
後悔をしてしまう前に
一番素敵な
恋だったといつか言えるように…

陽は沈んで
闇が幕を引きながら
真っ新(まっさら)な明日の
準備をするんだ

抱きしめたいけど
寂しさに慣れよう
君がいない未来
すぐに始まる
まだ消えぬ愛は
この砂浜に置いて行く
こんなに誰かを
もう二度と愛せないだろう",https://www.uta-net.com/song/168353/
11,一週間、全部が月曜日ならいいのに…,秋元康,高見沢俊彦,生田真心,2014,世界の中心は大阪や ～なんば自治区～,other,,,,"Love is…僕を引き寄せる
Love is…不思議な力さ","Love is…僕を引き寄せる
Love is…不思議な力さ
Love is…理屈じゃないんだ
本能

何かのついでのように
僕に微笑んでくれただけで
虜(とりこ)になってしまう
媚薬を盛られたのか

そう　この教室で
ただ　ぼーっと
僕は夢を見る
WOO

Monday
待ち望んでる
Monday
週の始まり
Monday
君に会うのが
生き甲斐だ
Monday
一週間の
Monday
カレンダーが
全部　月曜ならいいのに…

It's love.　君に会ってから
It's love.　ふわふわしていて
It's love.　何か変なんだ
はしかだ

真面目にノート取ってる
君を眺めてるこのしあわせ
ハートが充たされるなら
このゼミ落としてもいい

そう時間来たら
別々に
2人　帰るだけ
WOO

Everyday
今日が来るまで
Everyday
指折り数え
Everyday
楽しみにして
生きて来た
Everyday
あと6日間
Everyday
何をして
今日を待ってればいいの？

Monday
夢にまで見た
Monday
この光景を
Monday
僕は瞳に
灼きつける

Everyday
今日が来るまで
Everyday
指折り数え
Everyday
楽しみにして
生きて来た
Everyday
あと6日間
Everyday
何をして
今日を待ってればいいの？

Love is…僕を引き寄せる
Love is…不思議な力さ
Love is…理屈じゃないんだ
本能",https://www.uta-net.com/song/161654/
13,時間は語り始める,秋元康,フジノタカフミ,,2014,世界の中心は大阪や ～なんば自治区～,other,,,,"人は何を目指して
深い森に入って","人は何を目指して
深い森に入って
枝を払い行くのか？
この道
忘れられた木陰で
そっと開く野花は
誰のために咲くのか？
ただ美しく…

若き僕は　一人
思い悩む

時間(とき)は流れて
本当のこと　語り始める
目の前のいくつかの問題なんて
意味はない

時間(とき)は流れて
ぽつりぽつり　語り始める
今ここで
焦らなくたっていいんだ
ゆっくり行こう

青い空に浮かんだ
雲は風に流れて
いつ雨を降らすのか？
気になる
この場所から見えない
梢の上　小鳥は
誰に向かい鳴くのか？
世界の涯(はて)

眩しすぎる未来
手を翳(かざ)した

大人になって
命の意味　わかり始める
人生はいつだって逃げられない
一本道
大人になって
ひとつひとつ　わかり始める
迷ったり
遠回りしてもいいんだ
深呼吸しよう

時間(とき)は流れて
本当のこと　語り始める
目の前のいくつかの問題なんて
意味はない

時間(とき)は流れて
ぽつりぽつり　語り始める
今ここで
焦らなくたっていいんだ
ゆっくり行こう

時間(とき)は語り始める",https://www.uta-net.com/song/153005/
15,君と出会って僕は変わった,秋元康,中野ゆう,若田部誠,2014,世界の中心は大阪や ～なんば自治区～,other,,,,"イヤホンを
ずっと耳にして","イヤホンを
ずっと耳にして
聴こえないふりをしてたんだ
向き合って
話してみたいと
思うような
友達はいない

人の波に
流されてる方が楽さ
自分とは何だろう？
考えないって
決めていたのに…

君と出会って僕は変わった
息を切らし走ってる
誰かのために
必死になるって気持ちいい
欲しかったのは答えじゃなくて
問いかけてみること
今　額に落ちる
汗の分だけ
清々しい
AH-

満員の
電車が好きだった
人と人の隙間がないから
お互いの
心の距離とか
測らなくても
不自然にならない

一人きりで
青空を眺めてたら
吸い込まれてしまうくらい
そうちっぽけな
存在だった

君と出会って僕は変わった
もうイヤホンなんてしない
いろんなノイズも
話し声も聴こえているよ
夢を見るより現実的に
この手を伸ばしてみよう
さあ　目の前の君と
関わることが
大事なんだ

君と出会って僕は変わった
息を切らし走ってる
誰かのために
必死になるって気持ちいい
欲しかったのは答えじゃなくて
問いかけてみること
今　額に落ちる
汗の分だけ
清々しい

君と出会って僕は変わった
もうイヤホンなんてしない
いろんなノイズも
話し声も聴こえているよ
夢を見るより現実的に
この手を伸ばしてみよう
さあ　目の前の君と
関わることが
大事なんだ
AH-",https://www.uta-net.com/song/156543/
1,まさかシンガポール,秋元康,太田貴之,太田貴之,2017,難波愛～今、思うこと～,other,須藤凜々花;谷川愛梨;内木志;堀詩音;山本彩加;山本彩;川上千尋;木下百花;吉田朱里;久代梨奈;城恵理子;矢倉楓子,白間美瑠,"須藤凜々花,谷川愛梨,内木志,堀詩音,山本彩加,山本彩,川上千尋,木下百花,吉田朱里,久代梨奈,城恵理子,矢倉楓子","空のあの青さが
見たことがないくらい青い","空のあの青さが
見たことがないくらい青い
日差しのその強さのせいか
いや　そもそもこの空気が違うのか

僕も初めて来た
なんて美しい街並みだ
歩くと　すぐ汗ばんで来る
この暑さこそが異国の情熱だと思う

君が送って来たLINEに
ちょっと一人になりたいのなんて
急に勝手なことを言い出したのはなぜ？
どういうことか知りたい

まさかシンガポール
こんなところまで
君のことを追いかけて来たんだ
まさかシンガポール
諦められなかった
ハッピーエンドは
どこにあると言うんだ？

きっと試されてる
こんな運命に踊らされて
雑誌のあの特集を見て
今　君がここを選んだその理由がわかる

君に会ってどうしたいのか
何も考えてなかったけれど
僕はパスポートだけ手にして飛び乗った
想定外の飛行機

ごめんシンガポール
冷静じゃないね
居ても立っても居られなくなったんだ
ごめんシンガポール
愛しているんだよ
こんなサプライズを
用意したっていいだろ？

泊まってそうな
ホテル　片っ端から行って
君のこと探した

ここがシンガポール
もし会えなくても
僕はなぜか満足しているんだ

まさかシンガポール
こんなところまで
君のことを追いかけて来たんだ
まさかシンガポール
諦められなかった
ハッピーエンドは
ハッピーエンドは
ここまで来た現実",https://www.uta-net.com/song/233691/
2,難波愛,秋元康,依光輝久,依光輝久,2017,難波愛～今、思うこと～,other,韓国と北朝鮮は;法的拘束力;このため;北朝鮮は;韓国政府;しかし;また一般に;ただし;ホテル名や学校名;朝鮮の君主一覧;大韓民国指定国宝;中国朝鮮関係史,,"韓国と北朝鮮は,法的拘束力,このため,北朝鮮は,韓国政府,しかし,また一般に,ただし,ホテル名や学校名,朝鮮の君主一覧,大韓民国指定国宝,中国朝鮮関係史","WOW　ガラガラ音立て
一気に崩れてくもの","WOW　ガラガラ音立て
一気に崩れてくもの
幻だったか
WOW　土煙あげて
どこかへ消え去る
夢の抜け殻か

志(こころざし)
汗流し
積み上げた楼閣
人の世に
風が吹き
失った
心の拠(よ)り所(どころ)

難波愛
すべてが更地になっても
情けはいらない
ここでやり直すだけ
難波愛
七つ転んで　八つ起きて
日本一の
さあ城をここに築こうか

WOW　変わらぬものなど
この世に存在しない
森羅万象よ
WOW　そこに咲いた花
いつかは枯れても
夢は土の中

生きるとは
悲しみを
乗り越える修羅場さ
雨は降り
雨は止み
繰り返す
しあわせ不幸せ

難波愛
どんなに涙にくれても
憐れみいらない
そっと歯をくいしばる
難波愛
誰が辞めて去って行っても
誓い合った
あの城を見せてやりたくて…

難波愛
すべてが更地になっても
情けはいらない
ここでやり直すだけ
難波愛
七つ転んで　八つ起きて
日本一の
さあ城をここに築こうか

城を守り続けたい",https://www.uta-net.com/song/233690/
4,僕以外の誰か,秋元康,Carlos K.;Akira Sunset,Akira Sunset;Carlos K.,2017,難波愛～今、思うこと～,other,,,,"もうこれ以上　見つめていられない
君に何か言葉掛けたくなる","もうこれ以上　見つめていられない
君に何か言葉掛けたくなる
この手を伸ばせば傷つけてしまうよ
その場しのぎの優しさでは
深い悲しみを　癒せやしないさ
君から嫌われなきゃね
わかってるよ

近くに僕が
このままいたら
君はきっと生まれ変われない
この愛のエリアから
消える

Someone but me

僕以外(誰か)
ふさわしい奴がいる
一年(一年)十年(十年)
抱きしめてくれる(腕の中)
出会ったのは(ごめん)
運命のミステイク
百年(百年)千年(千年)
永遠は終わらない真実
forever and ever

なぜ　そんなに切なく目を伏せて
勝手すぎる僕を責めないのか？
過ぎてく時間に期待しないでくれ
愛し合えないしあわせよりも
たとえ　ふしあわせでも愛し続けたい
絞り出すような声で
君が言った

これから先も
僕を頼ったら
君はずっと弱いままだろう
思い出はいつだって
支え

Someone but me

僕じゃなく(誰か)
探さなきゃだめなんだ
一年(一年)十年(十年)
忘却の彼方(次の恋)
君のために(Perhaps)
今　僕にできること
百年(百年)千年(千年)
感情に流されちゃいけない
lonely my heart

僕が背中を見せようか？(Say Goodbye)
君の涙は見たくない(Don't cry！)
いつの日にかわかってくれる
(本当に　大切に思っていたことを…)
愛してる

僕以外(誰か)
ふさわしい奴がいる
一年(一年)十年(十年)
抱きしめてくれる(腕の中)
出会ったのは(ごめん)
運命のミステイク
百年(百年)千年(千年)
永遠は終わらない真実
forever and ever",https://www.uta-net.com/song/221386/
5,僕はいない,秋元康,aokado,若田部誠,2017,難波愛～今、思うこと～,other,嘘の天秤,,嘘の天秤,"僕はいない
夏の砂浜","僕はいない
夏の砂浜
君は誰と海を見るの？

気圧が下がると
すぐにわかるんだ
なぜか切ない
いくつの台風が
通り過ぎたなら
君への想いは消えるのだろう？

僕はいない
君の近くに…
叫ぶように波が打ち寄せる
熱い太陽は
誰に照りつける？
貸しボートのテントの前
いつもの場所なのに…

理由並べても
答えにならない
恋は終わった
遊泳禁止の
赤い旗のように
振り向くことさえ自制している

僕はいない
すべて幻
去年よりも寒い夏らしい
青い海は
今も変わらずに
はしゃぎ過ぎた愛の日々を
キラキラ映してる

どこで夏を過ごすだろう
あの日買ったTシャツ
違うビーチで同じ海を
見ているかもしれない

僕はいない
君の近くに…
いつもならばキスをしてたのに
君はいない
すべて幻
夢の終わり　言い聞かせている
恋は儚(はかな)くて
寄せて返す波
君と僕の水平線
夕陽が黙り込む",https://www.uta-net.com/song/212320/
6,甘噛み姫,秋元康,渡邉沙志,若田部誠,2017,難波愛～今、思うこと～,other,,,,"部屋に運び込んだ
デンマークのソファー","部屋に運び込んだ
デンマークのソファー
片隅　置くには
大きすぎた
店先で見た時
運命　感じたのに
頭で描(えが)いた
イメージと違ったね

僕たちが付き合い始めてから　二年
(時は過ぎて)
ハートのサイズも微妙に
ズレて来たのか？

甘噛みはいつだって
君らしい愛し方
僕のこの手に噛みつき
じゃれてるつもりなんだろう
いたずらっぽい目で
尻尾をずっと振ってる
だけど今は凶暴すぎて
顔をしかめてしまった

壁際に背もたれ
ぴったりと合わせて
ソファーを置いたら
息苦しい
二人が気に入ってた
デザインだったのに
やっぱり何だか
使いにくく思える

初めは突然　抱きつかれても　ちゃんと
(あやすように)
接吻(くちづけ)交わして全てを
受け止めてあげられた

甘噛みがいつの日か
痛みを伴ったんだ
歯型が残るくらいに
君の愛が強くなった
まるで仔犬のように
加減がわからないまま
感情　試してるのか？
叱って欲しいのかもしれない

昨日は何でもなかった
当たり前の出来事が
軋(きし)むように
重くなって来た
愛は (愛は)
やせ我慢か？

甘噛みはいつだって
君らしい愛し方
僕のこの手に噛みつき
じゃれてるつもりなんだろう
いたずらっぽい目で
尻尾をずっと振ってる
だけど今は凶暴すぎて
顔をしかめてしまった",https://www.uta-net.com/song/207218/
7,Must be now,秋元康,Carlos K.,Carlos K.,2017,難波愛～今、思うこと～,other,,,,"閉ざされてた
闇の中で","閉ざされてた
闇の中で
探すものは
光じゃない
叫んでる
心の声
その想いは
どこへ向かう？

伸ばした手に
触れるものは
拒絶された
妥協の壁
瞳を閉じれば
見えて来るよ
あの夢こそ
出口だろう

傷つかないように
孤独に逃げ込んだ
守るべきものは何もない
0(ゼロ)から

(Must be now)　行かなきゃ！
(Must be now)　今すぐ…
(Must be now)　あの場所へ Yeah！
(Must be now)　行かなきゃ！
(Must be now)　蹴破れ！
(Must be now)　壁を壊すんだ
(Need to go)　行かなきゃ！
(Need to go)　信じた
(Need to go)　この道を Yeah！
(Just do it)　行かなきゃ！
(Just do it)　一人で
(Just do it)　外に出るんだ Must be now

誰かの愛
求めたって
待つだけでは
空しいもの
生きる意味を
知った時に
この絶望
抜け出せる

あきらめることは
いつだってできるさ
ここではない　そうどこかで
変わろう

(Must be now)　やらなきゃ！
(Must be now)　何かを…
(Must be now)　始めろよ！Yeah！
(Must be now)　やらなきゃ！
(Must be now)　小さな
(Must be now)　穴を開けるんだ
(Need to go)　やらなきゃ！
(Need to go)　希望は
(Need to go)　そこにある Yeah！
(Just do it)　やらなきゃ！
(Just do it)　自由を
(Just do it)　 手に入れるため Must be now

(Must be now)　行かなきゃ！
(Must be now)　今すぐ…
(Must be now)　あの場所へ Yeah！
(Must be now)　行かなきゃ！
(Must be now)　蹴破れ！
(Must be now)　壁を壊すんだ
(Need to go)　行かなきゃ！
(Need to go)　信じた
(Need to go)　この道を Yeah！
(Just do it)　行かなきゃ！
(Just do it)　一人で
(Just do it)　外に出るんだ Must be now

Must be now
Must be now
Must be now

光が見えた Must be now",https://www.uta-net.com/song/194686/
8,ドリアン少年,秋元康,藤本貴則,武藤星児,2017,難波愛～今、思うこと～,other,,,,"Hey！ Hey！ Hey！
Fu！ Fu！…","Hey！ Hey！ Hey！
Fu！ Fu！…

大好きな彼の写真
友達に見せた瞬間
「ありえないでしょ！」「趣味が悪い！」と
どん引きされたよ

こんなにカッコいい男(ひと)は
絶対　どこにもいない
自慢しようと思ってたのに
めっちゃ攻撃！

子どもの頃から
ちょっと変わってた
キャンディーより　(チョコより)
ケーキより　(好きなのは)
ほやの塩辛

ブサイクもイケメンも紙一重
女の子　それぞれの理想系
みんなから見向きされなくたって
私だけのプリンス
ブサイクもイケメンも同じこと
そう恋に落ちちゃえばブラインド
誰が何と言ってもゾッコン
だって彼はオンリーワン
私がハマったドリアン少年

実際　会わせてみたら
彼の魅力がわかるわ
みんなフリーズ　口はあんぐり
目が点だった

そんなにイケてないかな
疑われたそのセンス
私の中じゃ欠点のない
夢の恋人

バースデープレゼント
おねだりしたのは
ドールとか　(ぬいぐるみ)
ドレスより　(欲しかった)
高枝バサミ

ねこまたぎ　ねこまたぐ　スルーする
女の子　手出さない珍味系
美味しくないお魚も骨だけでも
残りものはトレジャー
ねこまたぎ　ねこまたぐ　無視できない
気になってしまうのは本能ね
自分の勘を信じよう　正しいと…
みんなが好きじゃなくたって
私にとってはドリアン少年

ブサイクもイケメンも紙一重
女の子　それぞれの理想系
みんなから見向きされなくたって
私だけのプリンス
ブサイクもイケメンも同じこと
そう恋に落ちちゃえばブラインド
誰が何と言ってもゾッコン
だって彼はオンリーワン
私がハマったドリアン少年",https://www.uta-net.com/song/189824/
9,Don't look back！,秋元康,Carlos K.,武藤星児,2017,難波愛～今、思うこと～,other,,,,"振り向くな！
昨日より前に出ろ！","振り向くな！
昨日より前に出ろ！
(前に出ろ！)
後ろには夢はない
Don't look back！
Go ahead！
振り向くな！
一歩でも踏み出せよ！
(踏み出せよ！)
昨日の自分捨てて！
Hang in there！
Never give up！Buddy！

道はいつだって険しい
誰もあきらめたくなるだろう
それでも選んだ未来なら
そう死ぬ気で行くしかない

叩きのめされても
また立ち上がれ！
夢に手を伸ばすんだ
そう命が続く限り

戦えよ！
やられても前を向け！
(前を向け！)
踏ん張って耐えるんだ
Don't step back！
Go on！
戦えよ！
全力で勝ちに行け！
(勝ちに行け！)
つらけりゃ歯を食いしばれ！
Stick it out！
You should be strong now！

やっとここまで来たんだ
次のチャンスをあてにするな！
今こそ　がむしゃらになって
正面突破するしかない

ボコボコにされても
まだ終わらない
夢を掴みたいなら
誰よりも強くなれよ

振り向くな！
昨日より前に出ろ！
(前に出ろ！)
後ろには夢はない
Don't look back！
Go ahead！
振り向くな！
一歩でも踏み出せよ！
(踏み出せよ！)
昨日の自分捨てて！
Hang in there！
Never give up！Buddy！

悔いのない今日のため
誰よりも孤独になれ！
暗闇に怯えるな！
自分を信じろよ

戦えよ！
やられても前を向け！
(前を向け！)
踏ん張って耐えるんだ
Don't step back！
Go on！
戦えよ！
全力で勝ちに行け！
(勝ちに行け！)
つらけりゃ歯を食いしばれ！
Stick it out！
You should be strong now！

振り向くな！
昨日より前に出ろ！
(前に出ろ！)
後ろには夢はない
Don't look back！
Go ahead！
振り向くな！
一歩でも踏み出せよ！
(踏み出せよ！)
昨日の自分捨てて！
Hang in there！
Never give up！Buddy！",https://www.uta-net.com/song/183078/
10,らしくない,秋元康,大西俊也,野中“まさ”雄一,2017,難波愛～今、思うこと～,other,,,,"君に会いたくて
居ても立ってもいられずに","君に会いたくて
居ても立ってもいられずに
週末の街へと
僕は家を飛び出した
車のクラクションの中を
ひたすら走り
溢れる感情を
ぶつけたかった

こんなにこの僕が
夢中になるなんて　クレイジー
何かの (ねじ) ふいに (飛んだ)
ハートのアクシデント

(1！2！3！4！)
らしくらしく (らしく) ないね (ないね)
今までの僕とは違う
冷静さを失ってる自分　手には負えない
これが (これが) 恋か (恋か)
君のこと想うだけでも
情熱のドーパミンが
体中を駆け巡るよ
君の名前を
叫ばせてくれ！ Yeah！

君を見つけたら
どんな言葉を掛ければいい？
その姿　見とれて
僕はきっと立ち尽くす
人混みと喧噪の隙間
愛する人と
出逢えたことだけで
しあわせになる

流れた汗拭いて
肩で息しながら　satisfied
清々しい (風) 僕に (吹いて)
ハートは充たされる

(1！2！3！4！)
らしくらしく (らしく) ないね (ないね)
答えより大事なもの
全力で走ったのはいつだか覚えてないよ
これは (これは) 恋だ (恋だ)
イノセントな僕の想いだ
この腕に抱きしめずに
今　確かに感じている
声に出さずに
叫ばせてくれ！ Yeah！

(1！2！3！4！)
らしくらしく (らしく) ないね (ないね)
今までの僕とは違う
冷静さを失ってる自分　手には負えない
これが (これが) 恋か (恋か)
君のこと想うだけでも
情熱のドーパミンが
体中を駆け巡るよ
君の名前を
叫ばせてくれ！ Yeah！",https://www.uta-net.com/song/173291/
15,友達,秋元康,多田慎也,島田尚,2017,難波愛～今、思うこと～,other,また県,,また県,"何となく似てる　そんな感じがしたの
そう君と初めて逢った時","何となく似てる　そんな感じがしたの
そう君と初めて逢った時
人見知りして様子を見てる
不器用なとこ　私と同じ

ゆっくりと少しずつ言葉交わして
心と心　向き合えたよね
同じ空見て　思う何かが
とても近いとわかって来た

表情を見てるだけで
胸の内　伝わるから
私だけがつらいんじゃない
何だか安心した

君となら歩いて行ける
そうどんなに長い道程(みちのり)でも
本当の自分で歩いて行く
背伸びをしないで
あるがままに
2人は変わらず
あるがままに

お互いが何となくわかり過ぎて
先回りして喧嘩もしたね
ぶつかったその痛みも
最後は分かち合って来た

人前で泣けないから
いつだって微笑んでいた
その胸に隠したもの
私もどこかにある

君となら夢見て行ける
もし悲しい雨に降られたって
濡れながら普通の自分でいい
飾ることもなく
信じるまま
2人は未来を
信じるまま

君となら歩いて行ける
そうどんなに長い道程(みちのり)でも
本当の自分で歩いて行く
背伸びをしないで
あるがままに

君だから一緒に行ける
どんなことが先に待ち受けても
同じよに涙を流せるから
一人じゃないんだ
強くなれる
君がよくわかる
私と似てる",https://www.uta-net.com/song/173290/
16,卒業旅行,秋元康,島崎貴光,島崎貴光,2017,難波愛～今、思うこと～,other,,,,"ずっと前に約束してた
春が来たら卒業旅行","ずっと前に約束してた
春が来たら卒業旅行

列車の窓　流れる景色
過ぎた日々が重なって行く

10年経ったら何してるのかな？
もう結婚しているのかな？
お互いの将来を
そう　想像したりして…
みんな

同じ空を
眺めるって
素晴らしい思い出と
後になって思う
いつかきっと
今　見てる空だって
どこにいても何してても
瞼(まぶた)の奥　浮かぶでしょう

停車中の小さな駅は
何を待っているのでしょう？

これからの未来　不安はあるけど
人は誰も列車を降りる
それまでの月日を
そう　一緒に旅をした
みんな

同じ線路
走り続け
それぞれの終点が
近づいた時に
私たちが
見て来たもののすべてが
生きる意味と教えられた
長い夢を振り返る

同じ空を
眺めるって
素晴らしい思い出と
後になって思う
いつかきっと
今　見てる空だって
どこまでも続いてる

同じ線路
走り続け
それぞれの終点が
近づいた時に
私たちが
見て来たもののすべてが
生きる意味と教えられた
長い夢を振り返る",https://www.uta-net.com/song/183077/
18,道頓堀よ、泣かせてくれ！,秋元康,Akira Sunset,野中“まさ”雄一,2017,難波愛～今、思うこと～,other,,,,"風に吹かれ歩き続け
気づいたらここに来ていた","風に吹かれ歩き続け
気づいたらここに来ていた
戎橋　手すりに凭(もた)れて
自分に腹を立てていた

立ち止まって落ち込むなんて
あたしらしくないわ
あの星が手に届かなくて
俯(うつむ)き水面(みなも)を見てる

道頓堀
涙色の川
独り言　底に沈んどるで
悲しみだけ流せばええねん
あんたのその夢　捨てたらあかん

街灯りが点き始めて
人混みが余計寂しい
グリコサイン　「何　落ち込んどんねん？」
丸めた背中　突っ込まれた

諦めたら楽になれるで
弱気虫が誘う
もう少しあの空を見上げ
明日は晴れろと願う

道頓堀
迷いごとの川
渡ったら　少し強くなれる
辛いことは海へと流そう
あんたの心は捨てたらあかん

道頓堀
涙色の川
独り言　底に沈んどるで
橋の上で誰もがつぶやく
大事な夢なら捨てたらあかん",https://www.uta-net.com/song/207212/
1,Done,秋元康,井上ヨシマサ,井上ヨシマサ,2023,NMB13,other,安部若菜;泉綾乃;加藤夕夏;川上千尋;小嶋花梨;坂田心咲;貞野遥香;塩月希依音;渋谷凪咲;上西怜;新澤菜央;隅野和奏;出口結菜;原かれん;前田令子;山本望叶,山本望叶,"安部若菜,泉綾乃,加藤夕夏,川上千尋,小嶋花梨,坂田心咲,貞野遥香,塩月希依音,渋谷凪咲,上西怜,新澤菜央,隅野和奏,出口結菜,原かれん,前田令子,山本望叶","Done Done　この恋は
Done Done　終わったんだ","Done Done　この恋は
Done Done　終わったんだ
もう全て　過去のことさ

言葉でなんか　フォローできない
感情のドア　開けっぱなし
今さらなんか　言ったところで
君にしてみれば　言い訳

ガラスの瓶を　落としたんだ
床で砕けて散ったよ
愛の破片(かけら)　集めたって
傷つくだけの掌(てのひら)

思い出も粉々に
できたらいいのに…

Done Done　この恋は
Done Done　終わったんだ
もう全て　過去のことさ
Done Done　何度でも
Done Done　繰り返そう
独り言　呟(つぶや)きながら
何にも
始まらない Done
終了だ Done
これで終わりだ
微(かす)かに
残っている Pain
後悔とは　見えないもの
(全てが消えても存在するのに)

溢(こぼ)れた涙　拭うだけじゃ
何も忘れられないよ
染みや汚(よご)れ　広がるだけ
ゼロにならない悲しみ

赤い血が滲むのは
生きてる証拠さ

Gone Gone　行っちゃうの？
Gone Gone　一人きりで
想像もできなかった
Gone Gone　遠ざかる
Gone Gone　君の背中
僕の手は　もう届かない

どこかで鐘が鳴り響いたら
ホントにこれで終わりでしょうか？
まるで線引くように
綺麗に別れられると言えますか？
耳を塞いで聴こえないと
嘘をつくのは罪なのでしょうか？
人間の意識とは
終わったようで終わっていないのか？

Done Done　この恋は
Done Done　終わったんだ
もう全て　過去のことさ
嘘でも
まだと言って Done
続いてるよ Done
すぐ始まる
ごめんね
許してくれ Done
終わってない Ah　終わってない
(今でもハートはこんなに脈打つ Done)",https://www.uta-net.com/song/332441/
3,ワロタピーポー,秋元康,K-WONDER;SAS3,APAZZI,2023,NMB13,other,,,,"ウォーオーオー…
ウォーオーオー…","ウォーオーオー…
ウォーオーオー…
ウォーオーオー…
ウォーオーオー…

何かをやれば叩かれる
反論すれば大炎上
揚げ足取られて拡散中
とかくにこの世は住みにくい

フェイクなニュースを真に受けて
犯人探しか魔女狩りか
噂がホントでも偽りでも
この際　どうでもいいじゃねえか

大切なことは
目立たない心がけ
目の前の問題　知らない　見てない
存在消して　責任転嫁
波風立てなきゃHAPPY

笑え！
ワロタ　ワロタ　ワロタ　ワロタピーポー
どこの誰か名前隠して騒げ！
ワロタ　ワロタ　ワロタ　ワロタピーポー
人の群れに紛れ石を投げろ！

ウォーオーオー…
ウォーオーオー…
ウォーオーオー…
ウォーオーオー…

対岸の火事なんか他人事
安全地帯から見物中
正義とかモラルとか良心とか
そんなもん　どこかに捨ててしまえ！

面倒な勇気
勘違いの偽善者
何頼まれたって　できない　やらない
感情捨てて　リスク回避
何もしなけりゃOK！

逃げろ！
ニゲタ！ニゲタ！ニゲタ！ニゲタピーポー
愛も夢も友も何にもいらね
ニゲタ！ニゲタ！ニゲタ！ニゲタピーポー
何で生きてるのか教えてくれ！

ウォーオーオー…
ウォーオーオー…
ウォーオーオー…
ウォーオーオー…

そこにいるのか？
それともいないふりか？
匿名希望のあいつこいつ
見分けがつかない　生存証明
大きな声出して　叫べ！

笑え！
ワロタ　ワロタ　ワロタ　ワロタピーポー
どこの誰か名前隠して騒げ！
ワロタ　ワロタ　ワロタ　ワロタピーポー
人の群れに紛れ石を投げろ！

逃げろ！
ニゲタ！ニゲタ！ニゲタ！ニゲタピーポー
愛も夢も友も何にもいらね
ニゲタ！ニゲタ！ニゲタ！ニゲタピーポー
何で生きてるのか教えてくれ！

ウォーオーオー…
ウォーオーオー…
ウォーオーオー…
ウォーオーオー…",https://www.uta-net.com/song/242210/
4,欲望者,秋元康,Sugaya Bros.;Miss-art,Sugaya Bros.,2023,NMB13,other,韓国と北朝鮮は;法的拘束力;このため;北朝鮮は;韓国政府;しかし;また一般に;ただし;ホテル名や学校名;朝鮮の君主一覧;大韓民国指定国宝;中国朝鮮関係史,,"韓国と北朝鮮は,法的拘束力,このため,北朝鮮は,韓国政府,しかし,また一般に,ただし,ホテル名や学校名,朝鮮の君主一覧,大韓民国指定国宝,中国朝鮮関係史","どれくらいの間　息を
止めていられるんだろう？","どれくらいの間　息を
止めていられるんだろう？
言いたいことを溜め込んだって
吐き出さずにいられないよ

傷つかない諦め方を
覚えようとしてるのか？
鬱陶(うっとう)しい生き方なんて
もう今日でやめにしよう

Woo
誰かのことを愛して
抱きしめたいって思うみたいに
Woo
心の望み通りに
もっと野蛮に生きればいい
理性に邪魔をされるなんてくだらない

爪の跡　残るほど
握りしめ掴んだものがあるか？
今　自分に問いかけろよ
欲しいものが
見つからなきゃ
生きている価値がない
迷わずに手を伸ばせ！欲望

どういう嘘をついて
何を誤魔化してるんだ？
優しさとか思いやりで
摩擦を避(さ)けたいのか？

Woo
愛されるのは好きじゃない
それまでの時間　待ってられない
Woo
抱きしめるその力を
手加減しようかなんて愚かだ
壊れそうな愛など壊してしまえよ

爪の跡　残らない
冷静な掴み方なんかやめろ！
まだ　足りないその情熱
奪い合い
傷つけて
涙とか流しても
理性では止められない欲望

人は皆　手を伸ばし
際限なく求めようとする性(さが)だ
その本能が生きること
悲しみも
喜びも
一瞬のSatisfaction
永遠に充たされない欲望

爪の跡　残るほど
握りしめ掴んだものがあるか？
今　自分に問いかけろよ
欲しいものが
見つからなきゃ
生きている価値がない
迷わずに手を伸ばせ！欲望",https://www.uta-net.com/song/246941/
5,僕だって泣いちゃうよ,秋元康,太田貴之,太田貴之,2023,NMB13,other,,,,"君が好きなんだ　(好きなんだ)
知ってるよね？　(知ってるよね？)","君が好きなんだ　(好きなんだ)
知ってるよね？　(知ってるよね？)
だから何(なん)にも告げずに
このまま
二人出会ってから　共に過ごした日々
思い出してしまう度　僕だって泣いちゃうよ

夜(よ)が明けてしまったら (Sunrise)
この街　僕は出て行くよ
まだ眠ってる君を起こさないように
おでこにそっと接吻(くちづけ)して　サヨナラ

話したかったことを (Message)
考えたら止まらなくて
星空が白んでくスピードに
きっと追い越されちゃうだろう

ここでドアを開けなければ
夢を叶えるなんてできない
今の幸せから飛び出して
一人で生きて行くと決めたよ

風は冷たいか？　(冷たいか？)
もう冬か？　(もう冬か？)
外の世界を知らない
僕には
押しつぶされそうな不安だってあるけど
君になんて絶対に見せられやしない
風は吹いてるか？　(吹いてるか？)
木枯らしか？　(木枯らしか？)
空の様子がわからない
それでも
勇気出すしかない　ここにいちゃだめなんだ
孤独になる瞬間は僕だって泣いちゃうよ

ドアの鍵をゆっくり　(静かに)
音を立てないように閉めて
たとえ外は雪が降ってようと
自分の末来に立ち向かう

人は一生の間に
何度　大きな決断をする？
僕は確かな愛まで捨てて
手に入れたいと思った　あの夢

すべてを失っても　リスタート

風は冷たいか？　(冷たいか？)
もう冬か？　(もう冬か？)
外の世界を知らない
僕には
押しつぶされそうな不安だってあるけど
君になんて絶対に見せられやしない
風は吹いてるか？　(吹いてるか？)
木枯らしか？　(木枯らしか？)
空の様子がわからない
それでも
勇気出すしかない　ここにいちゃだめなんだ
孤独になる瞬間は僕だって泣いちゃうよ",https://www.uta-net.com/song/257242/
6,床の間正座娘,秋元康,池澤聡,APAZZI,2023,NMB13,other,,,,"まるですれ違いざまに　声を掛けるかのように
抱きしめられそうになっても　腕をすり抜けるわ","まるですれ違いざまに　声を掛けるかのように
抱きしめられそうになっても　腕をすり抜けるわ
男と女はいつも理屈なんかじゃないけど
感情だけの行動はきっと怪我をする

熱くなったハート　ちょっと冷やして
大事なこと確認させて
付き合う前提で

正座して恋をしましょう
半端な気持ちじゃダメよ
正面から向き合って段取りを踏まなきゃ
正座して見つめ合いましょう
遊びじゃ付き合えないわ
引くに引けないと覚悟決めなさい
私のこと好きならば　筋を通してよ
床の間で

やがて消えて行く夢を　一瞬だけ見せられても
簡単に信じるほど　そんなウブじゃないわ
その場のノリとか勢い　難しく考えるななんて
無責任な発言に振り回されない

近づく唇を　そっとはぐらかして
キスの前に聞かせて欲しい
幸せのプロセス

襟(えり)正して恋をしましょう
心を入れ替えなきゃね
今までと違うこと　態度で表して
襟(えり)正して前進みましょう
過ち犯したくない
我が家のしきたり　踏襲しなさい
堅苦しいその手順　それこそが愛よ
畳の上

正座して恋をしましょう
半端な気持ちじゃダメよ
正面から向き合って段取りを踏まなきゃ
正座して見つめ合いましょう
遊びじゃ付き合えないわ
引くに引けないと覚悟決めなさい
私のこと好きならば　筋を通してよ
床の間で",https://www.uta-net.com/song/263330/
7,母校へ帰れ！,秋元康,永見和也,永見和也,2023,NMB13,other,,,,"人間(ひと)はいくつになったって　(愚かで)
失敗ばかりをするものだ　(何度も)","人間(ひと)はいくつになったって　(愚かで)
失敗ばかりをするものだ　(何度も)
頑張っていたって　ダメな時もあるさ
そんなに落ち込むな

いつの間にか君も僕も
大人になってしまったんだ
何も成長していない
自己嫌悪に陥るのさ
どうやって　生きて行けばいいんだ？
もう　死にたくなって来たよ

さあ　母校へ帰れ！
人生の道　迷ったら
一度来た道　引き返して
あの校庭に立つんだ
さあ　母校へ帰れ！
見失ってしまった夢は
教室の机の中
また一から
探そうか

太陽があっと言う間に　(沈んで)
消えてしまうなんて知らなかった　(今まで)
このベンチに座って　ずっと眺めてたから
やっと気づいたんだ

生きることに必死すぎて
大事なことを見逃していた
まわりの景色も変わる
街の灯りも一斉に
灯(とも)ったわけじゃなかった
なぜ　取り残された気がする？

さあ　母校へ帰れ！
帰る場所がなくなったら
いつだって戻って来い
あの言葉を
思い出す

さあ　母校へ帰れ！
もしも泣きたくなったら
あの懐かしい校庭へ
涙を捨てに行けよ
さあ　母校へ帰れ！
何もできなかった自分
あの頃を思い出して
やり直そう
もう一度",https://www.uta-net.com/song/272203/
8,初恋至上主義,秋元康,SoichiroK;Nozomu.S,野中“まさ”雄一,2023,NMB13,other,,,,"初恋からずっと WOW WOW WOW
君のことが好きだ","初恋からずっと WOW WOW WOW
君のことが好きだ
あの気持ちは
変わっていない

街で偶然
バッタリ会った
何年振りだろう
クラス会のテーブル以来
田中は元気か？
どうでもいい話して
君はシングルかな
さりげなく探り入れた

幼馴染(おさななじみ)って
告白のタイミング
照れ臭くって言えなくて
いつまでも友達だ

初恋からずっと WOW WOW WOW
気づかれないように WOW WOW
胸の奥で叫んでた I wanna keep loving you！
今更なんだけど WOW WOW WOW
このまま見つめたい
だって僕は
初恋至上主義

WOW WOW WOW…

お互い何も
変わってないね
それは褒め言葉か
もしかしたら願望かも…
田中とはしばらく
付き合っていたんだろう？
わざと冗談っぽく
過去形でぶっこんでみた

君が幸せなら
僕だって嬉しい
でも　それ以上
踏み込めないプライベート

あの頃はじっと WOW WOW WOW
自分　抑えていたんだ WOW WOW
傷つくのが怖かった
Hard to say I love you
意気地なしってことさ WOW WOW WOW
昔に帰りたい
あとちょっぴり
勇気が欲しかった

あれから恋を
いっぱいしたけど
初恋以上
ときめくことはないよ

初恋からずっと WOW WOW WOW
気づかれないように WOW WOW
胸の奥で叫んでた
I wanna keep loving you！
今更なんだけど WOW WOW WOW
このまま見つめたい
だって僕は
初恋至上主義

じゃあ　またねなんて
叶わない約束して…

WOW WOW WOW…",https://www.uta-net.com/song/276910/
9,だってだってだって,秋元康,藤田克洋;N-Gram,,2023,NMB13,other,,,,"だってだってだってだって　だってしょうがないでしょ？
まだ帰らないの？って聞かれて　ごめん　素っ気ないリアクションして","だってだってだってだって　だってしょうがないでしょ？
まだ帰らないの？って聞かれて　ごめん　素っ気ないリアクションして
だってだってだってだって　ドキドキしちゃったんだもん
そう　本当は　ねえ一緒に帰ろうって言いたかった

恋をするとどうして　自分が自分じゃなくなる？
こうすべきだったとか　ああすべきだったとか
立ち止まったり　振り返ってみては後悔して
自分がどんどん嫌いになるの
次　会ったらこうしよう　頭で考えすぎて
何でもない会話まで　ぎこちなくなるよ
一番可愛い　私をあなたには見せたいのに
可愛くない　私を見せてしまってる

夏まですぐなのに　何にも変わってない
太陽だって呆れてるでしょう？

なんでなんでなんでなんで　いつもこうなっちゃうの？
そう興味ないフリをして　ちょっと　その場を離れたくなる
なんでなんでなんでなんで　素直になれないのかな
そう　その後で　さっきの私　悔しくて泣いてるよ

他の誰かだったら　いつだって普通でいられる
どう思われたってそう　まるで関係ないし…
カッコつけずに　本当の自分をさらけ出して
よくも悪くもマイペースだった
もしも自分が男なら　こんな奴　嫌いだなって
思っちゃうような私になぜなってしまった？
ダメならダメで　縁がなかったんだと割り切れない
なんかおかしい　あなたと出会ってから

髪をショートにして　振り向いて欲しかった
純情なんて似合わないのかな

もっともっともっともっと　自然に振る舞えたら
もう少しだけいいところ　アピール　できたかもしれないよね
もっともっともっともっと　ホントは可愛いんだよ
でも　別人の私みたいで　自己嫌悪　最悪だ

大好き過ぎて　なんかうまくいかない
目が合うだけで頭の中が真っ白で
言葉と行動　ぎこちなくなって空回りしてるよ

だってだってだってだって　だってしょうがないでしょ？
まだ帰らないの？って聞かれて　ごめん　素っ気ないリアクションして
だってだってだってだって　ドキドキしちゃったんだもん
そう　本当は　ねえ一緒に帰ろうって

なんでなんでなんでなんで　いつもこうなっちゃうの？
そう興味ないフリをして　ちょっと　その場を離れたくなる
なんでなんでなんでなんで　素直になれないのかな
そう　その後で　さっきの私　悔しくて泣いてるよ",https://www.uta-net.com/song/285941/
10,恋なんかNo thank you!,秋元康,杉山勝彦,野中“まさ”雄一,2023,NMB13,other,,,,"ねえそんなに優しくされちゃ
嫌いになんかなれないじゃない？","ねえそんなに優しくされちゃ
嫌いになんかなれないじゃない？
最後までズルイよ
もっと冷たくしてちょうだい
もう一生　顔も見たくない
そんな風に思わせて欲しい
恋なんかNo thank you！

あの場所で出会ってから　色々あった懐かしい日々
友達から始まった２人の関係
聴いている音楽も好きな映画も全然　違って
だけどなぜだか笑ってばかり　時間(とき)を忘れた

私たちが付き合う
可能性なんて0(ゼロ)だと思った
いつの日からだろう
自分の人生の中で欠かせなくなった

なぜあなたが離れてくのに
いい人のままいようなんて
そんなのって卑怯でしょ？
もっとちゃんと傷つけて
愛してたなら　幻滅させてよ
恨んだり　憎んだりして
泣きながら　I'm OK！

何でもない日常まで　今思ったら宝物だね
振り返った思い出はキラキラしてる
喧嘩だってしたけれど仲直りまで　なぜか楽しくて
それが恋だと気づいた日から　ぎこちなくなった

恋人にはならずに
あのままの方がよかったのかなあ
自分らしくいられた
お互いのいいところ失くしてしまった

そうあなたと出会わなければ
素敵な人と結婚して
ラブラドール飼ってたかも…
もしも話は意味がない
遠回りだけど幸せだった
最後くらい強がらせて
もう恋はこりごりだ

なぜあなたが離れてくのに
いい人のままいようなんて
そんなのって卑怯でしょ？
もっとちゃんと傷つけて
愛してたなら　幻滅させてよ
恨んだり　憎んだりして
泣きながら　I'm OK！",https://www.uta-net.com/song/293689/
11,シダレヤナギ,秋元康,CHOCOLATE MIX,CHOCOLATE MIX,2023,NMB13,other,,,,"シダレヤナギ　時折　風に吹かれ
シダレヤナギ　いつかのあなたを想う","シダレヤナギ　時折　風に吹かれ
シダレヤナギ　いつかのあなたを想う

川のその辺(ほと)り　一人歩きながら
遠い花火の音だけ聴いた
あの日も暑かった　それなのに　なぜだろう
私たちは黙って手を繋いだね

きっと心が近づきたがってたんだ
好きって気持ちは　絶対誰にも止められない
どこまでもついて行かせて

シダレヤナギ　しな垂(だ)れかかるように
シダレヤナギ　あなたの愛に凭(もた)れて
シダレヤナギ　すべてがなし崩しに
シダレヤナギ　自分だけのものにしたいと思ってた

瞼(まぶた)閉じて見る夢はいつか覚めるけど
瞼開(ひら)いて見る夢もある
あのままどこまでも歩けると思ってた
この手を離さなければ
ずっと　永遠…

そして突然　土砂降りの雨だなんて
その運命を断ち切ろうとしていたのか
思い出はいつも悲しい

ヨゾラヤナギ　煌(きら)めく街の灯(あか)り
ヨゾラヤナギ　涙　溢れて揺れる
ヨゾラヤナギ　月日にたわみながら
ヨゾラヤナギ　愛しさは何も変わらず流されて

想う気持ちが折れないように
足元　踏ん張ってても
泣きたくなったら
泣けばいいんだ
風に吹かれるまま

シダレヤナギ　しな垂(だ)れかかるように
シダレヤナギ　あなたの愛に凭(もた)れて
シダレヤナギ　すべてがなし崩しに
シダレヤナギ　自分だけのものにしたいと思ってた",https://www.uta-net.com/song/303326/
12,恋と愛のその間には,秋元康,大沢圭一;NONAGE,大沢圭一,2023,NMB13,other,,,,"唇を噛むその癖は　何か意味ありげで
どんな言葉　言ったけ？　考え込んでしまう","唇を噛むその癖は　何か意味ありげで
どんな言葉　言ったけ？　考え込んでしまう
華奢過ぎて　今にでも　割れそうなガラスみたい
付き合うことは　こんなに気を遣う繊細なものなのか

絶対　傷つけないように　そっと　触れるくらいなら　誰も
遠くで眺めてるだけでしあわせだ　Uh Uh

恋と愛のその間には　いくつ夜が眠るのだろう
同じように見えてはいるけど　その深さが違うんだ
恋してると愛してるでは　語る夢が変わって来るよ
君の心の本当の気持ち　僕に教えて欲しい

もう二度と出会わない宝を見つけたら
失うこと　四六時中　想像して怯える
何もないあの頃は　怖いものなどなかった
自分の感情に素直になれて　もっと自由だった

今の僕たちはどこら辺かな？　信じ合っているのかな？
どこまで二人近づけば　分かり合える？　Uh Uh

君と僕のその間には　見えない川が流れているよ
止むことのない問いかけのようなせせらぎが聴こえるだろう
君にとって僕とは何だ？　僕にとって君とは何だ？
自分なりの答えが出るまで　先に進めなくなる

言葉じゃ言い表せない
愛しさには段階があるんだ
時間(とき)をさあ越えて
わかり合ったら　大切なものが見える

君にとって僕とは何だ？　僕にとって君とは何だ？
暗闇の中　微(かす)かな光　あれがずっと探してたもの

恋と愛のその間には　いくつ夜が眠るのだろう
同じように見えてはいるけど　その深さが違うんだ
恋してると愛してるでは　語る夢が変わって来るよ
君の心の本当の気持ち　僕に教えて欲しい

心に流れる川",https://www.uta-net.com/song/314826/
13,好きだ虫,秋元康,柳沢英樹,柳沢英樹,2023,NMB13,other,,,,"Hey！
Woh oh oh oh oh oh oh Yeah(Oh Yeah)","Hey！
Woh oh oh oh oh oh oh Yeah(Oh Yeah)
Woh oh oh oh oh oh oh Yeah Yeah
Woh oh oh oh oh oh oh Yeah(Oh Yeah)
Woh oh oh oh oh oh oh Yeah Yeah

恋をしたいって思ってるけど
そんな簡単に出会いはないよ
どんなタイプが好きかなんて
自分にだってわかってないんだ

友達から紹介されたって
なんか違うと思ってしまう
追い求める理想の花は
一体どこに咲いているのか？

理屈なんかじゃなくて　もっと
本能的なものさ

好きだ虫(Hey！)心の片隅で(Hey！)
寝ていたはずなのに
君と今　初めて出会って…
好きだ虫(Hey！)何かがピンと来て(Hey！)
ふいに鳴き始めた
すぐにまた　会いたくてしょうがなくなる

Hey！
Woh oh oh oh oh oh oh Yeah(Oh Yeah)
Woh oh oh oh oh oh oh Yeah Yeah

鏡の中　自分　覗き込んで
こんな僕じゃなかったのになんて
君のことを24時間
考えている恋とは病(やまい)だ…

想像なんかできない　未来
もう一人の僕がいた

ゾッコン虫(Hey！)どこかで刺されたよ(Hey！)
ハートが腫れて来た
数秒間　目が合っただけで…
ゾッコン虫(Hey！)切なくなって来た(Hey！)
I love you！は治らない
青春が終わっても忘れるものか

世界中のどこにもいるよ
(Hey！ Hey！)
人と人を結びつけちゃう虫
(Hey！ Hey！ Hey！ Hey！)
これが…

好きだ虫　心の片隅で
寝ていたはずなのに
君と今　初めて出会って…
好きだ虫(Hey！)何かがピンと来て(Hey！)
ふいに鳴き始めた
すぐにまた　会いたくてしょうがなくなる

Hey！
Woh oh oh oh oh oh oh Yeah(Oh Yeah)
Woh oh oh oh oh oh oh Yeah Yeah
Woh oh oh oh oh oh oh Yeah(Oh Yeah)
Woh oh oh oh oh oh oh Yeah Yeah
Oh Yeah",https://www.uta-net.com/song/324372/
2,OUR STORY,Carlos K.,Carlos K.,Carlos K.,2024,劇場公演CD『天使のユートピア』,other,,,,"僕らの想いは　止まらない
叶えよう","僕らの想いは　止まらない
叶えよう

ずっと憧れてた場所
ずっと忘れられないよ
共に流したなみだの跡も
迷った雨の道も

傷跡をなぞらないように
結び合う心と心
悲しそうに笑わないで
あなたはあなたのままで

始めよう僕らのこの物語
涙も笑顔も誰のものでもないよ
ずっと握りしめた
僕らの想いは止まらない
叶えよう

ずっと避けていた道も
一緒なら歩けるんだ
泣いたっていい　そんな言葉が
勇気をくれたから

立ち向かうのは誰でもなくて
自分自身　息を整え
幕が開く　光の先に
笑顔の花が咲くように

羽ばたこう　僕らのこの大空に
痛みも願いも此処で君と歌おう
ぎゅっと繋ぎあった
僕らの想いは解けない
ああ

始めよう僕らのこの物語
涙も笑顔も誰のものでもないよ
ずっと握りしめた
僕らの想いは止まらない

羽ばたこう　僕らのこの大空に
痛みも願いも此処で君と歌おう
ぎゅっと繋ぎあった
僕らの想いは解けない
ああ

僕らが手にしたあの日も
僕らがこれから手にする日も
僕らはいく　僕らは笑う
僕らの想いを　届けよう
ああ",https://www.uta-net.com/song/358188/
3,青い春よ,Yuya Fujinaka,Yuya Fujinaka,Yuya Fujinaka,2024,劇場公演CD『天使のユートピア』,other,,,,"新しいノートの1ページめくって
使い古した鉛筆握ったんだ","新しいノートの1ページめくって
使い古した鉛筆握ったんだ
不器用で歪なこの一直線が
何よりも綺麗なんだと思った

ああ　正解なんて自分で決めるものだろう

気がつけば大人になっていたなんて(気がつけば大人になった)
そんなことだけは言いたくないだろう(Wow wow wow)
抱えきれないほどにある後悔を(抱えきれない後悔を)
今、空に放って

走れ(僕らしく駆け抜けて)
走れ(誇らしく生き抜いて)
夜明けはそこまで来ている

青い(僕らしく駆け抜けて)
春よ(誇らしく生き抜いて)
未来へと導いてくれ

繰り返し繰り返し流れるメロディー
あの頃まだよく分からなかった言葉
“前へならえ”と“1+1の解答”は
僕らに何を残してくれたのか？

ああ　誰かが決めたルールを破り捨てよう

今も過ぎ行くこの一瞬一秒を(今も過ぎ行くこの一瞬一秒)
もう二度とは戻らないこの時を(Wow wow wow)
数えきれないほどにある輝きを(数えきれない輝きを)
ただ守り続けて

Lalala
Lalalalala

馬鹿だ馬鹿だと他人(ひと)は言った
ああ　笑いたけりゃ大声で笑えばいい

気がつけば大人になっていたなんて(気がつけば大人になった)
そんなことだけは言いたくないだろう(Wow wow wow)
抱えきれないほどにある後悔を(抱えきれない後悔を)
今、空に放って

走れ(僕らしく駆け抜けて)
走れ(誇らしく生き抜いて)
夜明けはそこまで来ている

青い(僕らしく駆け抜けて)
春よ(誇らしく生き抜いて)
未来へと導いてくれ",https://www.uta-net.com/song/358187/
4,愛デンティティ,鈴木エレカ,鈴木エレカ,oni,2024,劇場公演CD『天使のユートピア』,other,,,,"私こんなにもお利口さんに見えて
袖に隠してる","私こんなにもお利口さんに見えて
袖に隠してる
あなたの心を離さない秘訣は
敢えて小出しにしてんの

言葉や素肌も丸裸じゃつまらないわ
Shall we dance？　チラリチラリズム

さあ赤くじっくりと　熟れてゆく様よ
手のひらの上
収穫を待ち焦がれているわ

嗚呼
トップノートが愛デンティティ
私の絶対領域
もう逃れられない
この世界にはあなたと私だけ

少しの飢えがスパイス
後に極上を生み出す
本能で召し上がれ
焦っちゃだめよダーリン？
なんて最高にエキサイティング‥！！

そのカラカラな喉に
ツーーっと注がれるオアシス
無理に抗う必要ない
ほら正直に聞かせて？

時には大胆に　次はどの目が出るかな
これからがいいところ
答えなんて重要じゃないわ

嗚呼
トップノートが愛デンティティ
健全なアルゴリズム
そそるでしょ　好奇心
満足なんてさせてあげないから

手のかかるほど可愛い
もっと私を喜ばせて？
気まぐれがいい感じ
焦っちゃだめよダーリン？
なんて最高にエキサイティング‥！！

嗚呼
トップノートが愛デンティティ
私の絶対領域
もう逃れられない
この世界にはあなたと私だけ

少しの飢えがスパイス
後に極上を生み出す
本能で召し上がれ
焦っちゃだめよダーリン？
なんて最高にエキサイティング‥！！",https://www.uta-net.com/song/358186/
5,ROUTE 48,Ayaka Miyake,田中マッシュ,田中マッシュ,2024,劇場公演CD『天使のユートピア』,other,,,,"お気に入りの曲　流したら
(Ride on！ Ride on！)","お気に入りの曲　流したら
(Ride on！ Ride on！)
発車オーライ　走り出そう
(Let's go！ Ride on！)
エンジン響く車道　全開で行こう！
(Go！Go！ Let's go！ 48！)

東西南北に伸びた道
ハンドル切ってく　左右どっち？
「ハートのアクセル踏み込める方へ！」
上がるスピードに乗ってこ

太陽　ギラギラ燦々と眩しい日だって
突然の嵐　吹き荒れてたって
僕らはいつだって　明日を信じて
それぞれの運命(ルート)を走るんだ
予測不能がくれた奇跡のような　Every day
だってだって　Ah
君には僕がいる　僕には君がいる
らしく Drivin'！ We are the NMB！ (48！)

気づけば謎に遠回り
(Hold on！ Hold on！)
ガス欠　エンスト フルコース
(Oh！ No！ Hold on！)
エンジン嘆く車道　どうやって進もう！？
(Go！ Go！ Let's go！ 48！)

涙がこぼれ落ちたとしても
雨のち咲く花の種　蒔いて
オンリーワンの絶景にしちゃうよ
ムダに見えたって宝だー！

例え　進んだ先　断崖絶壁だって
高い山　進路　塞いでいたって
僕らはいつだって　明日を夢見て
自分だけの運命(ルート)を拓くんだ
予測不能も楽しめちゃうような　Every day
旅路の途中
君に出会えたから　会えたから
計画通りじゃなくたって　未完成で完璧さ
空に輝く　満天の星に
さぁどんな願いをかけよっか
いつかの花が咲き誇って
君に届くといいな
見通しなら
良好！
出発
進行！
新しい気持ちでまた
Drivin'！ Yes！ My life！ Just go！ Go！ Go！ Route 48！

太陽　ギラギラ燦々と眩しい日だって
突然の嵐　吹き荒れてたって
僕らはいつだって　明日を信じて
それぞれの運命(ルート)を走るんだ
予測不能がくれた奇跡のような　Every day
だってだって　Ah
君には僕がいる　僕には君がいる
らしく　Drivin'！ We are the NMB！ (48！)

Wow
Wo
Wo
Wo
行くぜ Drivin'！ Route48",https://www.uta-net.com/song/358185/
6,君はエイリアン,JOE;Carlos K.,JOE;今川トモミチ,今川トモミチ;JOE,2024,劇場公演CD『天使のユートピア』,other,,,,"La La La…
待ち合わせはいつものパスタ屋さん","La La La…

待ち合わせはいつものパスタ屋さん
少し見ない間になんか変わった？
手と手が触れ合った瞬間僕は
なぜか同じ人間じゃないって思ったんだ

ビビッと走る恋の電磁波が
僕の心の真ん中を突き抜けていく

君のペペロンチーノペロリーナ
怖いくらい刺激的な
危険信号点滅中
君に見つめ返されるたびに
落ち着かず増える瞬き
僕のこと観察してる
どうしてこんなドキドキするんだ
普通じゃない
君はエイリアン？

La La La…
La La La…

楽しく話す君　どこかおかしい
カタコトで話す君　口が動いてない！
テレパシーじゃないのって心の疑問
違うよって答えてきた　君は絶対そうでしょ

僕のカラダ何かおかしいんだ
ハートの裏側　違和感　ほら感じてる

君のペロペロキャンディペロリーナ
怖いくらい魅力的だ
抜け出せない迷路みたい
君が急に笑い返すたびに
恋に落ちてしまいそうだ
僕のこと弄んでる
どうしてこんなクラクラするんだ
侵略者　君はエイリアン

わかってる
これ以上

知っちゃいけない
わかってる
それなのに　気づけば
君のことずっと考えている
君のペペロンチーノペロリーナ
怖いくらい刺激的な
危険信号点滅中
君に見つめ返されるたびに
落ち着かず増える瞬き
僕のこと観察してる
どうしてこんなドキドキするんだ
普通じゃない
君は
君は
君は
エイリアン",https://www.uta-net.com/song/358184/
7,チュッてギュッてグッと,ぶっ恋呂百花,ぶっ恋呂百花,ぶっ恋呂百花,2024,劇場公演CD『天使のユートピア』,other,,,,"悪夢かどうかは私が決めること
貴方と迷い込んでみて遊びましょう","悪夢かどうかは私が決めること
貴方と迷い込んでみて遊びましょう
こんなにも抑えられない気持ちはなに？
衝動を我慢するのは耐えられない！

駄目！駄目！もっと！知りたい！
期待ばっかしちゃうの
私の悪い癖ねどうかしてるみたい
イヤ！イヤ！ずっと！遊びたい！
「マトモ」になんてなれない！
貴方とこのまま
一生一緒

チュッてギュッてグッとつまんで
きっとずっと離しちゃ「ダ・メ」
ふたりのことは神が見てるわ
だって待ってそっと誘って
ムッと嫉妬とかしないで？
貴方のことは私だけ見てたいから！

悪戯しちゃう私でも可愛いでしょ？
イジワルされたら本気で泣いちゃうよ(泣)
こんなにも壊したくなるオモチャだっけ
たまんないけど死ぬまで大事にして

撫で！撫で？ちょっと！癒えない！
後悔ばっか増やすの…
隣の青い芝生待ち侘びてる未来
まだ！まだ！キュンと！誘いたい！
いつまで経っても冷めない！
貴方とこのまま
一生一緒

チュッてギュッてグッとつまんで
きっとずっと離しちゃ「ダ・メ」
ふたりのことは神が見てるわ
だって待ってそっと誘って
ムッと嫉妬とかしないで？
貴方のことは私だけ見てたいから！

チュッてギュッてグッとつまんで
きっとずっと離しちゃ「ダ・メ」
ふたりのことは神が見てるわ

だって待ってそっと誘って
ムッと嫉妬とかしないで？
私の秘密貴方だけに見せるから！",https://www.uta-net.com/song/358183/
8,SPARK,丸谷マナブ,丸谷マナブ,丸谷マナブ,2024,劇場公演CD『天使のユートピア』,other,,,,"いいじゃん　心斎橋　練り歩こう
いいじゃん　みんなでイキがってこう","いいじゃん　心斎橋　練り歩こう
いいじゃん　みんなでイキがってこう
標準語じゃん「はずいっバレたか」
単純明快(明快)それも(君の)良いところ

恋したら隠せやしないの
誤魔化しは無理よ絶対よ
応援するわ(Baby)
駄目でも(Sunny)
泣いても(Rainy)
君を(Daily)
スマイルにしてあげる

パオパオパッパオパオ

スパークしていきましょう(いきましょう)
なんだって楽しんだもん勝ちだエブリデイ
いっそ恋に破れても(破れても)
全然平気だし(まさに)敵なし(ウチら)最高潮！
Let's Get On！
Wow Wow Wow Wow
Wow Wow Wow Wow
Let's Get On！
Wow Wow Wow Wow
全然平気だし(まさに)敵なし(ウチら)最高潮！

ワンピース！派手派手だけど君らしくていいじゃん
ピンク！髪色もメイクも君らしくていいじゃん
テンション上がっちゃって標準語な私たち
調子に乗って(波に)乗ってブレイクしたい

華やかな世界にドリームオン
今はまだ普通のガールズ
だけど夢を描き続ける
この街で高まろう

パオパオパッパオパオ

ハート弾けましょう！(弾けましょう)
いつだってこの街もメンツもポジティブ
いっそ恋に破れても(破れても)
全然平気だし(まさに)敵なし(ウチら)最高潮！
Let's Get On！

1.2.3.4.5.6.C'mon！
Huu Oh Oh

パオパオパッパオパオ
スパークしていきましょう(いきましょう)
なんだって楽しんだもん勝ちだエブリデイ
いっそ恋に破れても(破れても)
全然平気だし(まさに)敵なし(ウチら)最高潮！
Let's Get On！
Wow Wow Wow Wow
Wow Wow Wow Wow
Let's Get On！
Wow Wow Wow Wow
全然平気だし(まさに)敵なし(ウチら)最高潮！",https://www.uta-net.com/song/358182/
9,美しく激しく咲く,Yuya Fujinaka,Carlos K.,中野悟朗;Carlos K.,2024,劇場公演CD『天使のユートピア』,other,,,,"真っ赤に燃える心を抱きしめて
サルビアの花のように美しく激しく咲きたい","真っ赤に燃える心を抱きしめて
サルビアの花のように美しく激しく咲きたい

妖しく浮かぶ太陽の向こう側
翼広げたあの鳥の行く先

荒野に凛と咲いた
綺麗な花を摘み取って
歯車狂わせたのはあなた

真っ赤に燃える心を抱きしめて
二度とは戻れないことを分かっている

炎のような口づけを交わして
サルビアの花のように美しく激しく咲きたい

揺れる蜃気楼
あの人を思い出す
溢れてしまうほど情熱をください

満ちた満ちたグラスに
そっと息を吹きかけて
押し寄せる波紋は恋心

真っ赤に染まる唇を許して
二度とは戻れないところまで来ていた

炎のような眼差しに撃たれて
サルビアの花のように美しく激しく咲きたい

誰も知らない(誰も知らない)
私だけの花(私の花)
愛しさが叫ぶよう
あなたに落ちていったの

ぽつりぽつりと雨に濡らされて
泣いているんじゃない
空が眩しいだけ

真っ赤に燃える心を抱きしめて
二度とは戻れないことを分かっている

炎のような口づけを交わして
サルビアの花のように美しく激しく咲きたい",https://www.uta-net.com/song/358181/
10,僕らはまだ,山本彩;小嶋花梨;塩月希依音;坂田心咲;芳賀礼,山本彩;田中マッシュ,田中マッシュ,2024,劇場公演CD『天使のユートピア』,other,,,,"僕らどこへいこうか
目の前にはほら果てなく伸びるまっさらな道","僕らどこへいこうか
目の前にはほら果てなく伸びるまっさらな道

仕方ない　どうにもならない
そんなこと考える日々で
気付いたら今日もすっかり日が暮れた
あぁモヤモヤに襲われ見失いかけてた
鏡の奥　自分と目が合う

手放すのは簡単だ　自信もあるわけじゃないけど
それでもここにいることが　何よりも答えだろう

僕らはまだ終わらない　止まりはしない
たとえ小さな望みも
並んで背中を合わせれば
やがて大きな希望に繋がっていくんだ

何度目の春が来たんだろう
どれくらい進んでいるだろう
振り返り軌跡にようやく気付く
そう、じたばた藻掻いても　余計に絡まるだけ
解きにくいネックレスみたいに

自分以外が眩しくてつい目を背けたくなるけど
他の誰かになりたい訳じゃないんだよ
ただ今も歌っているから
心は燃え続けてるから
夢の続きを見てて欲しい

いつしか忘れてたこと　投げ出したこと
またひとつずつ拾って
涙の跡さえつかないくらい風を切って
過去を追い越していこう

声が枯れても
足が震えても
諦めないなら
急ぐことはない
目指した自分に近づいてるんだ
恐れる事なんて　案外多くはないから
どうせなら期待で怖くなるような明日に

僕らまだ終わらない　止まりはしない
もっとずっとどこまでも
並んで背中を合わせれば
きっと大きな希望は僕らのものだ",https://www.uta-net.com/song/358180/
11,脇役・学生 Z,鈴木エレカ,鈴木エレカ;pw.a,pw.a,2024,劇場公演CD『天使のユートピア』,other,,,,"憧れのあの子は学園一
美人だと謳われるヒロイン","憧れのあの子は学園一
美人だと謳われるヒロイン
前世で徳かなんかを積んだのか
(オーマイガ！)
僕のトナリは君の席？！

だって脇役・学生 Z
ワッツハプニングです
ちょっと持ってかれた気がする寿命
神様これはもしかして　Yeah！！！

前世今世右往左往まわり巡って
突如舞い降りたマドンナ
王道？邪道？
ラブコメディーな展開ですよね？！
どっちにしたって期待せずにイラレナイ！

生まれてこのかた16年経ちますが
こんな一世一代のチャンスもう来ない
偶然を運命と言い切らせてちょうだい
人生捨てたもんじゃないぜ　わっしょい！

余裕で目覚ましより早起き
克服した　朝のブロッコリー
一味も二味も違う(ブランニューミー！)
君のトナリは僕の席！

まだ脇役・学生 Z　昇格目指せ
落ちた君のパンダのシャーペン
誰よりも早く拾ってやったぜ

意外な「サンキュ♪」が頭に鳴り響いて
もう何も考えられそうにないや
十全十美な笑顔にやられた僕は
ここに存在するだけで精一杯

何度でも怪盗のごとくかっさらって
いつだって君の手の中　このマイハート
恍々惚々　なんたって回避は不可能
うかつはマジ・デンジャラス！

前世今世右往左往まわり巡って
突如舞い降りたマドンナ

相思相愛に憧れてもいいですか・・？
だってやらない後悔よりやった後悔
前世今世右往左往まわり巡って
突如舞い降りたマドンナ
王道？邪道？
ラブコメディーな展開ですよね？！
どっちにしたって期待せずにイラレナイ！

生まれてこのかた16年経ちますが
こんな一世一代のチャンスもう来ない
偶然を運命と言い切らせてちょうだい
人生捨てたもんじゃないぜ　わっしょい！",https://www.uta-net.com/song/358179/
12,天使のユートピア,Carlos K.,Carlos K.;oni,oni,2024,劇場公演CD『天使のユートピア』,other,,,,"もういいよ　もう一度
何年も経って光が差した","もういいよ　もう一度

何年も経って光が差した
この場所ときめきを抱いて　羽ばたくんだね
影と暗闇を追い越したら
今こそ生まれ変わる太陽　出会えるんだね

彷徨っていたあの頃から
僕はなにかが変わったんだ
今はきっと信じられる君を
見つけた！

迷ってきっと輝いて
探してくれる君がいて
天使は今(天使は今)
悲しみを奏で歌う
キラって光る涙は
ここにいるって叫びだ
会いに行こう　今すぐに
未来は今　始まる
もう一度
何度でも
もういいよ
もういいよ

ぶつかって影に隠れて泣いた
それだけ夢は大きくて眩しかった
抜け出せなかった迷路の出口
かすかに流れるリズムが
背中を押した

もういいかいと問いかけてる
君の声が聞こえた夜明け
遮るものはない突き抜ける空
見つけた！

笑ってもっと瞬いて
繋いでくれた君の手
天使は今(天使は今)
この場所から羽ばたいてく
キラって光る笑顔が
道標になるから
会いに行こう　今すぐに

未来は今　始まる
もう一度
何度でも
もういいよ
もういいよ

君が勇気をくれたから今
大きな翼を広げて舞う
どこまでも届けるよ僕らの
光を描こうよこの世界中に

迷ってきっと輝いて
探してくれる君がいて
天使は今(天使は今)
悲しみを奏で歌う
キラって光る涙は
ここにいるって叫びだ
会いに行こう　今すぐに
未来は今　始まる
もう一度
何度でも
もういいよ
もういいよ",https://www.uta-net.com/song/358178/
13,全部抱きしめろ！,Carlos K.;Yuya Fujinaka,Carlos K.;oni,oni,2024,劇場公演CD『天使のユートピア』,other,,,,"今日も大好き！今日も大好き！
この青空を　この青空を抱きしめるんだ！","今日も大好き！今日も大好き！
この青空を　この青空を抱きしめるんだ！

どこかの誰かさん
少しだけ話を聞いておくれ
愛も恋も夢も　ああ　あれもこれも大失敗だ

間違いなくこれは人生最大級の大ピンチ
だけどなんなのだろう　漲るこの力の源

現実問題　滅茶無理難題
君を眺めてるだけだ　毎回
もし完璧に迷わず転ぶことなく人生ハナマルだ
なんて考えるのも面倒くさいな

今日も生きてます！今日も生きてます！
今日も息してます！それだけでいい！
今日も笑って　今日も飯食べ　大好きなあの人応援して！

今日も大好き！今日も大好き！
なんにもいらない！どうぞお構いなく！
目の前にあるこの世界を　そう
この青空を　この青空を抱きしめるんだ！

羨ましくないって言ったら嘘になるんだけど
僕は僕でギュッと幸せ抱きしめて歩いてる

嬉しいなとか悲しいなとか
人に言うのは恥ずかしいけれど
誰かさんのせい　止められないよ
この心臓で走り抜けるよ
愛を伝えるため　君のために

明日(あした)も生きます！明日(あした)も生きます！
明日(あす)を信じて！それだけでいい！
明日(あす)の自分はきっとやれるさ
誰も見たことない景色見に行こう！

明日(あす)も大好き！明日(あす)も大好き！
応援するよ！僕と君なら！
目の前にあるこの世界に　そう
この青空に　この青空に走り出すんだ！

Lalala lalala lalalalala
Lalala lalala lalalalala
Lalala lalala lalalalala

今日も生きてます！今日も生きてます！
今日も息してます！それだけでいい！
今日も笑って　今日も飯食べ　大好きなあの人応援して！

今日も大好き！今日も大好き！
なんにもいらない！どうぞお構いなく！
目の前にあるこの世界を　そう
この青空を　この青空を抱きしめるんだ！",https://www.uta-net.com/song/358177/
14,HOME～ずっと友達～,秋元康;多田慎也,多田慎也,中野悟朗,2024,劇場公演CD『天使のユートピア』,other,,,,"長い階段下り進むと
見えてくる　私たちだけの場所","長い階段下り進むと
見えてくる　私たちだけの場所
青春の全てを捧げた
大事なMy Sweet Home

怪我をした足より胸が痛かった
私のいないステージ　悔しくて

選んでくれた日も　そうじゃない日も
君の声に守られていたんだ
その記憶は　私の宝物
いつでも　いつまでも　友達

並んでるパネルの写真は
思い出を綴ったアルバムだね
初めて名前呼ばれた日を
忘れないMy Sweet Home

やがてこの歌も終わり
鳴り響く拍手は未来へのイントロ

ありがとう　あの歓声も笑顔も
君とじゃなきゃ見れなかった景色
辛かった日々こそ輝くよなぜ？
いつでも　いつまでも　友達

君となら夢見て行ける
もし悲しい雨に降られたって
濡れながら普通の自分でいい
飾ることもなく
信じるまま

君となら歩いて行ける
そうどんなに長い道程でも
本当の自分で歩いて行く
背伸びをしないで
あるがままに
2人は変わらず
あるがままに",https://www.uta-net.com/song/358176/
15,繋ぎ歌～世界の国からこんにちは～,Carlos K.;島田陽子,T4K;Carlos K.;中村八大,T4K;Carlos K.,2024,劇場公演CD『天使のユートピア』,other,,,,"手を伸ばして
それぞれの夢","手を伸ばして
それぞれの夢
繋いでく声
明日に届け

歩いてきた道のりには
転がる石　泥だらけで
進めない　時もある
靴紐固く結んだら
手を取り合って　一歩ずつ前を向いて
語り合った

こんにちは　こんにちは
笑顔の国から
こんにちは　こんにちは
握手をしよう

追いかけていこう
晴れわたる空を
だれもが探したあの太陽には
たくさんの願い　色とりどりの想い
重なり合って光　まぶしいくらいに
僕ら照らしてる

手を伸ばして
大切な夢
守り続けて前に向かって
繋いでく声
明日に届け
僕らは今日も生きていくんだ

この世界はどこまでも
続くけれど始まりは
きっとみんな　一緒だった
長い時を　超えてきたね
そして今日も歩いている
変わらない　夢をみてる
こんにちは　こんにちは
笑顔の国から
こんにちは　こんにちは
握手をしよう

迎えにいこうよ
僕らの未来を
何度だって声を枯らして歌って
転んだっていいよ　その手を掴むから
重なり合って光　まぶしいくらいに
僕ら生きている

手を伸ばして
大切な夢
守り続けて前に向かって
繋いでく歌
明日もどうか
この空に響き渡るように",https://www.uta-net.com/song/358175/
16,永遠のメロディー,Akira Sunset;SoichiroK,SoichiroK;Nozomu.S,Soulife,2024,劇場公演CD『天使のユートピア』,other,,,,"いつかまた出会えるように
導いてくれ　君のメロディー","いつかまた出会えるように
導いてくれ　君のメロディー

LaLaLa

君の横顔　こっそりと見て
もう時がきたんだと　分かってしまった

終わりが来る合図を　かき消す代わりに
君が教えてくれた　歌を歌おう未来(あす)に届けるように

サヨナラなんて言わないで　せめて
ここで止まってしまうよ　嫌だ
夢を叶えられる場所へ　今ここから踏み出そう
たとえ遠く離れたって　どこにいたって繋がってる
誰も語れない僕たちだけの　変わらない秘密のメロディー

目を閉じれば今も浮かぶ　君といた季節のメモリー
耳を澄ませば聞こえるよ　忘れられない永遠(とわ)のメロディー

街の喧騒　君を探して
もし見つけたとしても　引き止められない

僕は僕なりに　胸を張れるように　頑張ってみるよ

離した手の熱が消える前に　怖くても前に進み出そう
また会える時には笑って　奏でよう二人のハーモニー

口先ばかりの　約束なんて
曖昧なものは　信じてないよ
確かなのは僕の　心で鳴り響く
君と何度も何度も歌った(歌った)思い出のメロディー

いつかまた出会えるように

サヨナラなんて言わないで　せめて
ここで止まってしまうよ　嫌だ
夢を叶えられる場所へ　今ここから踏み出そう
たとえ遠く離れたって　どこにいたって繋がってる
誰も語れない僕たちだけの　変わらない秘密のメロディー

目を閉じれば今も浮かぶ　君といた季節のメモリー
耳を澄ませば聞こえるよ　忘れられない永遠(とわ)のメロディー

LaLaLa
LaLaLa",https://www.uta-net.com/song/358174/
120663,なんでやねん、アイドル,秋元康,吉野貴雄,吉野貴雄,,NMB48 Uta-Net Other Songs,other,,,,"ネエちゃん　アイドルしてまっか?
ぼちぼち　はあ　清く正しく美しくやらせてもらってますぅ!","ネエちゃん　アイドルしてまっか?
ぼちぼち　はあ　清く正しく美しくやらせてもらってますぅ!
ちょっと!無理してまっせ!

ネエちゃん　アイドルしてまっか?
ぼちぼち　水着のグラビア撮影は可愛い私を見てほしい～ですぅ!
お腹引っ込めてまっせ!

どーもー　わたくしNMB48の渡辺麻友と申しますぅ(なんでやねん?)
キャラ　被ってるやろ?(なんでやねん?)
んじゃ　もう一回やらせて
どーもー　わたくしNMB48　期待の新人　顔よし　歌よし　ダンスよし
三拍子揃った秘密兵器…アイドルになるために生まれて来た…
(ええ加減にしなさい)
言ったもん勝ちでしょ?

難波が好きやあ　難波が好きなんや
うちらの街から　アイドルが生まれるんやで
おばちゃんも見ててや　おっちゃんも見ててや
輝く日本の星になってみせるで
難波に咲く　NMB48

ネエちゃん　アイドルしてまっか?
そやなあ　はあ　好きなタイプの男性は…「やさしい人」
無難に答えてまっせ!

ネエちゃん　アイドルしてまっか?
そやなあ　好きな食べ物は…「フルーツパフェ」
ほんまはホルモンやけど…

まあ、正味な話、そらあ、アイドルだって、×××もすれば、
××××もしますわ(なんでやねん?)
普通の人間やし…(なんでやねん?)
可愛い衣装着させてもらって、おいしいもん食べさせてもらって、
ちやほやされて、楽な仕事やなあ思たら…(ええ加減にしなさい)
むちゃくちゃ、しんどいですわ

難波の意地やあ　難波の意地なんや
お笑いの街でアイドル売ったるで!
誰もが言うんや　可愛いコおらへんやろ?
いつかはみんなを見返したるでぇ～
難波の奇跡　NMB48

難波が好きやあ　難波が好きなんや
うちらの街から　アイドルが生まれるんやで
おばちゃんも見ててや　おっちゃんも見ててや
輝く日本の星になってみせるで
難波の奇跡　難波の奇跡
難波に咲く　NMB48

なんでやねん(アイドルも電車通勤)
なんでやねん(アイドルもアメちゃん貰う)
なんでやねん(アイドルも嘘をつく)
なんでやねん(アイドルも屁をこく)

なんでやねん
アイドル、最高～!",https://www.uta-net.com/song/120663/
133600,ちょっと猫背,秋元康,市川裕一,市川裕一,,NMB48 Uta-Net Other Songs,other,,,,"夏の終わり
ぱらついた雨は","夏の終わり
ぱらついた雨は
傘をさすほどじゃない
意地っ張り
頬が濡れたのは
低気圧のせいかな

まだ　微熱が残るハート
街を一人歩く
Ha ～!

猫背　猫背
ちょっと猫背
悲しくなると
俯(うつむ)いちゃうね
猫背　猫背
恋の猫背
思ったよりも
傷ついてた
そんな自分に驚いて
背中　丸くなってしまったよ

雨が止んで
蒸し暑い風が
首の辺りを過ぎる
不快指数
100%は
あなたが原因なんだ

もう　忘れようって無理に
他の男(ひと)を想う
Ha ～!

凹む　凹む
かなり凹む
そんなあっさり
言われるなんて…
凹む　凹む
心　凹む
本気ってこと
気づいてない
涙　はらはら流れたら
なぜかお腹空いてしまったよ

猫背　猫背
ちょっと猫背
悲しくなると
俯(うつむ)いちゃうね
猫背　猫背
恋の猫背
思ったよりも
傷ついてた
そんな自分に驚いて
背中　丸くなってしまったよ",https://www.uta-net.com/song/133600/
133604,妄想ガールフレンド,秋元康,春行,武藤星児,,NMB48 Uta-Net Other Songs,other,,,,"君はガールフレンド(ガールフレンド)
僕のガールフレンド(ガールフレンド)","君はガールフレンド(ガールフレンド)
僕のガールフレンド(ガールフレンド)
ずっと　大好きだったよ
胸の奥のラブコールに
やっと　応えてくれたんだね

テレビの中で
微笑む君と
初めて出会った瞬間
そう雷に打たれたように
僕は恋してしまった

ああ　バラの花よりも
美しい人がいるなんて
ああ　世界は広いね
未来は希望に満ちてる

僕はボーイフレンド(ボーイフレンド)
君のボーイフレンド(ボーイフレンド)
ちょっと　自慢したくなる
嘘じゃないよ　夢じゃないよ
2人　似合いのカップルだよ
僕はボーイフレンド(ボーイフレンド)
君のボーイフレンド(ボーイフレンド)
大きな声で叫ぼう
忙しくて会えなくても
今日も電話を待っているよ

触れたら(触れたら)
消えてく(消えてく)
妄想の花
君はアイドル
ねえ　僕だけに
話しかけて!
プリーズ!プリーズ!プリーズ!

君はガールフレンド
僕のガールフレンド
だって　約束したんだ
スキャンダルはまずいけれど
愛は止められないだろ?
君はガールフレンド(ガールフレンド)
僕のガールフレンド(ガールフレンド)
ずっと　大好きだったよ
胸の奥のラブコールに
やっと　応えてくれたんだね",https://www.uta-net.com/song/133604/
133684,三日月の背中,秋元康,野中“まさ”雄一,野中“まさ”雄一,,NMB48 Uta-Net Other Songs,other,,,,"ちょっと悲しいことがあったら　瞳を閉じよう
瞼の幕スルスル上がり　ショーが始まるよ","ちょっと悲しいことがあったら　瞳を閉じよう
瞼の幕スルスル上がり　ショーが始まるよ
どこか知らない世界の　不思議なステージ
広い夜空で一番光る　あなたがヒロインよ

夢はいつでもキラキラと　心の中で輝くよ
そっとその手で捕まえて見てごらん

三日月の背中を滑り
さあ流星のボートに乗って
星たちの海超えて
ほらねなんだってできるよ
三日月の背中を滑り
さあ銀河まで一気に行こう
空想の物語
次の1ページ開こう

ちょっと元気になったら　瞳を開けよう
さっきまでとは景色も変わって　楽しくなったでしょ?
辛い時には必ず　涙が出るのは
いろいろなこと考え過ぎて　目隠ししてるだけ

おしゃれな服に着替えたり　ツインテールにしてみたり
ジュエリーつけたりやってみれば　大丈夫

太陽のマントを羽織り
そう落ち込んだ気持ちを捨てて
暗闇を横切って
遠い未来の場所探そう
太陽のマントを羽織り
皆頑張って願いを込めて…
女の子は誰でも
そんな魔法を使えるよ

三日月の背中を滑り
さあ流星のボートに乗って
星たちの海超えて
ほらねなんだってできるよ
三日月の背中を滑り
さあ銀河まで一気に行こう
空想の物語
次の1ページ開こう",https://www.uta-net.com/song/133684/
137464,眠くなるまで羊は出て来ない,秋元康,Disuke,佐々木裕,,NMB48 Uta-Net Other Songs,other,,,,"人差し指で
耳の穴を","人差し指で
耳の穴を
塞いでみるとわかる
音のない世界
その片隅から
何か聴こえて来る
心の奥で
脈打つもの
命を刻む時計
どんな悲しみに
打ち拉(ひし)がれても
僕は生きてる

灯りを消したこの部屋の
窓に星の残り火
冷たいシーツにくるまり
ずっと　天井を見てた

眠くなるまで　(眠くなるまで)
いくつまで　数えられるだろう?
羊は出て来ない　(羊は出て来ない)
君への愛の言葉

寂しくなると
両方の耳
指を入れて待つんだ
孤独な時間の
僕の過ごし方
なぜか　ほっとする

この世からすべての音が
消えてしまえばいいのに…
誰かを傷つける声は
誰も聞きたくないから

眠くなるまで　(眠くなるまで)
どれくらい涙流すのだろう?
羊は味方かな?　(羊は味方かな?)
君を忘れられない

眠くなるまで　(眠くなるまで)
いくつまで　数えられるだろう?
羊は出て来ない　(羊は出て来ない)
君への愛の言葉

言葉のような
陽(ひ)が差して
あんなに
拒絶していた愛を
そっと抱きしめて
そっと暖めて
夜明けとともに
眠くなって来た",https://www.uta-net.com/song/137464/
137468,インゴール,秋元康,KASUMI;鈴木まなか,野中“まさ”雄一,,NMB48 Uta-Net Other Songs,other,,,,"人生は旅だよなんて
訳知り顔で言うのなら","人生は旅だよなんて
訳知り顔で言うのなら
僕はどこへ向かってるのか
ヒントだけでも教えてくれ!

Yeah ! Yeah ! Yeah !
つらいこと　悲しいことも
次のチャンスの前ぶれ
明日(あす)は晴れる
WOW

ほら
右へ左へラグビーボール
大事なものを掴んだら
絶対に離すなよ
右へ左へ走り抜けろよ
自分が思うままに
夢を目指せ
インゴール

毎日が試合だとしても
すべてを勝てるわけじゃない
そこでどんな負け方するか
きっと　何か学べるだろう

Yeah ! Yeah ! Yeah !
成功を手に入れた時に
誰も満足するだけ
忘れるんだ
WOW

さあ
前へ後ろへ楕円球よ
変則的なバウンドも
運命の通り道
前へ後ろへ転がってけ
運じゃなく
努力した結果
そこがインゴール

ほら
右へ左へラグビーボール
大事なものを掴んだら
絶対に離すなよ
右へ左へ走り抜けろよ
自分が思うままに
夢を目指せ
インゴール",https://www.uta-net.com/song/137468/
142435,太宰治を読んだか？,秋元康,杉森舞,河田貴央,,NMB48 Uta-Net Other Songs,other,,,,"風に向かって
ずっと歩き続けたんだ","風に向かって
ずっと歩き続けたんだ
どこにいるのかわからずに
何かに逆らいたかった

道は果てなく
僕は無我夢中だった
少しでも気を緩めると
心が吹き飛ばされた

人はなぜ生まれるのだろう？
いつか死んでしまうのに
つらい毎日の中で
生きる意味を知りたかった

太宰治を読んだか？と聞かれた
君と出会った日
正直に言えば
僕は読んでなかった
近くの本屋で何冊か買って
ファミレスに入った
縋(すが)るように
ページめくりながら自分探した

風はそれでも
何も変わらず吹いていた
スーパーの安売りのちらしが
ひらひら　振り回されてた

行けど夢など
何(なん)にも見つからなかった
夢なんか見てしまったら
挫折が怖くなるだけ

なぜか涙も出やしないよ
愛も枯れるもんなんだ
今日を淡々と生きて
考えないようにする

太宰治を読んだか？と聞かれた
君を友と呼ぼう
残念なことに
本に答えはなかった
“目から鱗が落ちた”というような
奇跡はないけど
ただ　人生とは何か？
語れる友ができた

太宰治を読んだか？と聞かれた
君と出会った日
正直に言えば
僕は読んでなかった
太宰治を読まなきゃだめだよ
必ず勧める
そこに
あの日と同じような僕がいるんだ

太宰治を読んだか？",https://www.uta-net.com/song/142435/
142437,なめくじハート,秋元康,川浦正大,野中“まさ”雄一,,NMB48 Uta-Net Other Songs,other,,,,"Want you !　ハートはなめくじ
みんなの陰に隠れて","Want you !　ハートはなめくじ
みんなの陰に隠れて
Want you !　じめじめなめくじ
恋って進まない

日向(ひなた)の葉っぱよりも
湿った裏側がいい
見つめ合って話すより
片思いがいい

眩しすぎる
君なんだ
どれだけ好きでも
無理さ

Baby !　ネガティブなめくじ
好かれてないんじゃないかな
Baby !　なよなよなめくじ
自分に自信ない

見た目がアレだけれど
中身は純粋なんだ
塩なんかかけられたら
消えてしまうよ

僕になんか
もったいない
近くに行くのも
不可能

Want you !　ハートはなめくじ
みんなの陰に隠れて
Want you !　じめじめなめくじ
恋って進まない

蓼喰ふ虫(たでくうむし)
いるように
なめくじ好きだと
言って

Baby !　ネガティブなめくじ
好かれてないんじゃないかな
Baby !　なよなよなめくじ
自分に自信ない

Hold you !　それでもなめくじ
いつか男になりたい
Hold you !　堂々なめくじ
この手で抱きしめる",https://www.uta-net.com/song/142437/
147808,さや姉,秋元康,佐々木裕,佐々木裕,,NMB48 Uta-Net Other Songs,other,韓国と北朝鮮は;法的拘束力;このため;北朝鮮は;韓国政府;しかし;また一般に;ただし;ホテル名や学校名;朝鮮の君主一覧;大韓民国指定国宝;中国朝鮮関係史,,"韓国と北朝鮮は,法的拘束力,このため,北朝鮮は,韓国政府,しかし,また一般に,ただし,ホテル名や学校名,朝鮮の君主一覧,大韓民国指定国宝,中国朝鮮関係史","レッスンが終わった後で
汗を拭くふりしながら","レッスンが終わった後で
汗を拭くふりしながら
ロッカールーム　片隅で
涙を我慢してた

みんなと同じ振り入れが
なぜ私だけできないの?
覚えられない悔しさに
心が折れそうになった

そんな時
弱い気持ちの(気持ちの)
近くで微笑む先輩(先輩)
誰でも初めは一緒よと
ステージへの試練
そんな時
お尻叩いて(叩いて)
やさしく励ます存在(存在)
好きならばあきらめるなと
振りを教えてくれた
さや姉(ねえ)

公演が始まる直前
メールに勇気貰った
「自分のこと信じろ」と
短い愛の言葉

思うようにはできなくて
努力の先が見えなくて
夢への道がつらかった
無理だと音(ね)を上げた私

あの時も
遠い場所から(場所から)
アドバイスくれた先輩(先輩)
今日は昨日よりちょっとだけ
上手になればいい
あの時も
山の上から(上から)
光が溢れるみたいに(みたいに)
目の前に夜明けは来ると
ちゃんと見せてくれたのは
さや姉(ねえ)

誰より大変なのに
泣きごとひとつ言わずに
正しい背中を見せる
あなたにずっとついて行きたい
いつの日か　誉めてください

そんな時
弱い気持ちの(気持ちの)
近くで微笑む先輩(先輩)
「誰でも初めは一緒よ」と
ステージへの試練
そんな時
お尻叩いて(叩いて)
やさしく励ます存在(存在)
好きならばあきらめるなと
振りを教えてくれた
さや姉(ねえ)

ステージにさや姉(ねえ)がいる限り",https://www.uta-net.com/song/147808/
147812,届かなそうで届くもの,秋元康,島崎貴光,佐々木裕,,NMB48 Uta-Net Other Songs,other,,,,"背伸び　背伸びしようぜ
その手　その手　もっと高く","背伸び　背伸びしようぜ
その手　その手　もっと高く
いつの日か届くよ
夢は高い木の実
Oh yeah !

部活はつらいよ
練習きついし…
どうしてこの部を
選んでしまったのか?
遊びに行きたい
おしゃれもしたいし…
すべてを犠牲に
何を目指してる?

誰も知らないあの場所
秘密の木がある
高い枝には
美味しい果実が揺れる

背伸び　背伸びしようぜ
かかと　かかと　上げろよ
がむしゃらになるんだ
何かできるよ
背伸び　背伸びしようぜ
その手　その手　もっと高く
いつの日か届くよ
夢は高い木の実
Oh yeah !

休みはないしね
先輩怖いし
どうして今まで
辞めずに来たんだろう?
恋とかしたいし…
デートもしたいし…
流した涙を
拭いて何を見た?

人は誰でもどこかに
未来を植えてる
翳(かざ)す掌(てのひら)
日射しが溢れる勇気

ジャンプ　ジャンプしようぜ
大地　大地　蹴るんだ
一瞬だっていいから
空に近づこう
ジャンプ　ジャンプしようぜ
夢は　夢は　もっと高く
簡単に届かない
だから甘く酸っぱい
Oh yeah !

背伸び　背伸びしようぜ
かかと　かかと　上げろよ
がむしゃらになるんだ
何かできるよ
背伸び　背伸びしようぜ
その手　その手　もっと高く
いつの日か届くよ
夢は高い木の実
Oh yeah !",https://www.uta-net.com/song/147812/
180727,パンキッシュ,秋元康,西島真実;力丸尊,西島真実;力丸尊,,NMB48 Uta-Net Other Songs,other,,,,"どうせ勉強したって (変わらへん　変わらへん)
仕事真面目にしたって (変わらへん　変わらへん)","どうせ勉強したって (変わらへん　変わらへん)
仕事真面目にしたって (変わらへん　変わらへん)
日本が変わるわけじゃねえ (変わらへん　変わらへん)
偉い人に頑張って貰おうぜ

Oh Yeah！
夢を探せと言われても
ルール　ルールに縛られて
夢を見る空き地はありゃしねえ
Oh Yeah！
文句言うにも腹が減る
頭振って叫ぼうか！
Yeah！

人生はパンキッシュ
考えるなよ！
やりたいことだけを
やればいいんだ
Here we go！ (Go ahead！)
Here we go！ (Go ahead！)
うちらの中には
何かが燃えてる
炎　消せねえなら
イッテマエ！
Yeah！

人にやさしくしたって (何やねん！ 何やねん！)
いい人ぶってみたって (何やねん！ 何やねん！)
自分が変わるわけじゃねえ (何やねん！ 何やねん！)
他人様に嫌われたって関係ねえ

Oh Yeah！
愛が一番大事だと
誰も彼もが言うけれど
自分だけが愛されていたい
Oh Yeah！
駄々をこねてもしょうがねえ
拳あげて歌おうか！
Ah！

人生はパンキッシュ
当たり前だろ？
まわりのことなんか
見なきゃいいんだ
Don't stop it！ (Keep it going！)
Don't stop it！ (Keep it going！)
うちらの中には
何かが燃えてる
寝てる子を起こせ！
イッテマエ！

日向の猫が
欠伸(あくび)をしているよ
そんな退屈な今日
とにかく騒ぐしかねえ！
さあ暴れようぜ！
Ah！

人生はパンキッシュ
考えるなよ！
やりたいことだけを
やればいいんだ
Here we go！ (Go ahead！)
Here we go！ (Go ahead！)
うちらの中には
何かが燃えてる

人生はパンキッシュ
当たり前だろ？
まわりのことなんか
見なきゃいいんだ
Don't stop it！ (Keep it going！)
Don't stop it！ (Keep it going！)
うちらの中には
何かが燃えてる
寝てる子を起こせ！
イッテマエ！",https://www.uta-net.com/song/180727/
189823,どうでもいい人仮面,秋元康,バグベア,若田部誠,,NMB48 Uta-Net Other Songs,other,,,,"もし君に嫌われてるとわかったら
もう僕は明日からどうすればいいのかわからない","もし君に嫌われてるとわかったら
もう僕は明日からどうすればいいのかわからない

ホントの自分　見せられなくて
気に入られそうな無難な仮面つけていた

君にとってはいい人　その他大勢だ
僕はどうでもいい人　愛されることはない
それで構わないと思った
君の近くにいられるのなら…
愛はいつでも自己満足なんだ
たとえ僕に気がつかなくたって…

もし無理に告白をしてしまったら
そうきっと僕たちはぎこちなくなってしまうだろう

愛し過ぎて臆病になる
興味なさそうにわざとソッポを向いていた

君にとってはフレンド　いっぱいいる中の…
僕は無害なフレンド　特別な人じゃない
そんな存在が楽なんだ
だって傷つくことはないから…
愛は切ない自己完結だろう
夢を見なければ何も終わらない

そんなつもりじゃない人　何も進まない
恋の対象じゃない人　ずっとつきあいたいなら…

君にとってはいい人　その他大勢だ
僕はどうでもいい人　愛されることはない
それで構わないと思った
君の近くにいられるのなら…
愛はいつでも自己満足なんだ
たとえ僕に気がつかなくたって…",https://www.uta-net.com/song/189823/
194681,俺らとは,秋元康,依光輝久,依光輝久,,NMB48 Uta-Net Other Songs,other,,,,"風の中で匂い立つのは
夢に近づいたんだ","風の中で匂い立つのは
夢に近づいたんだ
邪魔をするなよ

花は咲いて
散るのが運命
どうせならば
大輪(たいりん)の花がいい

どこかの狼が
天下獲ってやると
名乗り挙げたらしいが
笑わせるなよ

俺らとは　信じる者
心がぶれることはない
俺らとは　信じる者
何もあきらめない
仲間を想い
愛を貫き
永遠(とわ)に立ち向かう者なり
このまま勝ち進んで
日本一の旗　立てる

横殴りの雨に打たれて
葉まで揺さぶられても
ここに立ってる

最後　散って
笑うが人生
消えるならば
悔いのない花がいい

この世は戦国だ
命　賭けぶつかり
残る組が正義と
煽られるだけ

俺らとは　戦う者
背中を向けることはない
俺らとは　戦う者
未来　捨てはしない
故郷のために
明日を夢見て
種を撒いている者なり
一気に登り詰めて
勝ち鬨(かちどき)の声を上げる

俺らとは　信じる者
心がぶれることはない
俺らとは　信じる者
何もあきらめない
仲間を想い
愛を貫き
永遠(とわ)に立ち向かう者なり
このまま勝ち進んで
日本一の旗　立てる",https://www.uta-net.com/song/194681/
194685,片想いよりも思い出を…,秋元康,松本一也,板垣祐介,,NMB48 Uta-Net Other Songs,other,,,,"太陽が背中向けて
君を連れ去ったんだ","太陽が背中向けて
君を連れ去ったんだ
校舎の斜めの影が
僕の心に刺さっているよ

告白をしない方が
よかったかもなんて
落ち込む僕に振り向いて
「でもありがとう」って君が言った

グレーの制服が眩しかった
辺りは暗いのに
輝いていた初恋さ

片想いよりも　僕は
思い出を選んだんだ
君の素敵な笑顔は
最高の収穫さ
向き合い見つめ合って
気持ち　伝えられたこと
僕の願いは叶わなくても
なぜか叫びたいほど
清々しい

遠くから眺めてても
わからないことがある
勇気を出して近づいて
美しい真実が見える

気遣うやさしさが嬉しかった
君を好きになって
僕の目は正しかったよ

両思いよりも　ずっと
永遠に続くだろう
それは負け惜しみじゃなく
本当のことなんだ
痛みはあったけれど
愛の意味を学んだ
君と出逢って恋をしたこと
いつか大人になって
キュンとしたい

片想いよりも　僕は
思い出を選んだんだ
君の素敵な笑顔は
最高の収穫さ
向き合い見つめ合って
気持ち　伝えられたこと
僕の願いは叶わなくても
なぜか叫びたいほど
清々しい",https://www.uta-net.com/song/194685/
204065,しがみついた青春,秋元康,外山大輔,武藤星児,,NMB48 Uta-Net Other Songs,other,,,,"何年かぶり　顔を出した
高校のグラウンドで","何年かぶり　顔を出した
高校のグラウンドで
名前知らない後輩が
夏の汗を流してる
伝統あるサッカー部が
予選落ちしたと聞いて
居ても立ってもいられず
練習を覗きに来た

朝礼台　座ってる
彼女見つけて驚いた
大人っぽいワンピースを着た
あの頃のマネージャー

あれは
しがみついた青春
傷だらけの栄光
あんなに燃えた時代は
もう二度とは来ないよ
振り返れば眩しい
走り抜けたあの頃
大事なものは一つだ
全力でやり切ろうぜ
明日(あす)のために…

端に立って　僕は見てた
練習の一部始終
近くを通り過ぎてく
ユニフォームが懐かしい
今の僕がこの場所から
どんな言葉を掛ければ
次の試合に勝てるか
ぼんやりと考えた

「歯がゆいのはわかるけど
彼ら自身が探さなきゃ…
全国優勝できないわ」と
つぶやいたマドンナ

そうだ
しがみつけよ青春
挫折をしてわかるさ
涙を流した後で
立ち上がり方　学ぶよ
見返したいライバル
あと一歩の敗北
力に変えろ！　悔しさ
がむしゃらに突っ走ろう
夢のために…

いつの日にか　後輩も
次の世代を見守るよ
今しかできないその一途さ
教えたくなるはず

あれは
しがみついた青春
傷だらけの栄光
あんなに燃えた時代は
もう二度とは来ないよ
振り返れば眩しい
走り抜けたあの頃
大事なものは一つだ
全力でやり切ろうぜ
明日(あす)のために…",https://www.uta-net.com/song/204065/
221385,途中下車,秋元康,川島有真,,,NMB48 Uta-Net Other Songs,other,人魚のバカンス;下衆な夢,,"人魚のバカンス,下衆な夢","ずっと　眺めてた
走る窓のこの景色","ずっと　眺めてた
走る窓のこの景色
いくつの山とトンネル抜けて
長い橋を渡ったか？

夢の終点は
まだ先だとわかっている
通過して行く小さな駅の名前
何となく気になってた

そこにはそこで　乗客が待ち
各駅停車の電車が来る
私は何を急いでいるのか
未来の時間は　まだまだ残ってるのに…

途中下車して　歩こうか？
知らない世界がまだあるから
きっと人生はゆっくりと
最後のゴールを目指すもの

いつか　乗っていた
仲間たちとこのレール
一人一人とどこかで乗り換えて
思い出を旅立って行く

始発駅から乗り込めたから
時刻表通り進んで来た
終着駅で何をすればいい
本当にやりたいことがわからなくなった

途中下車して　考えよう
他にも色々夢はあるよ
そんな急いでもしょうがない
降りたいその駅で降りてみる

人は(人は)誰も(誰も)
運命で動いてる
運ばれてるだけじゃつまらないよ
だけど(だけど)きっと(きっと)自分の意思で
行き先は選べるんだ

途中下車して　歩こうか？
知らない世界がまだあるから
きっと人生はゆっくりと
最後のゴールを目指すもの

途中下車したその駅は
見るものすべてが新鮮だよ
何もしていない　そのことが
一番大事だと　気づいたよ",https://www.uta-net.com/song/221385/
226100,真夜中の強がり,秋元康,熊谷蘭,,,NMB48 Uta-Net Other Songs,other,,,,"やさしさなんて
間に合ってるわ","やさしさなんて
間に合ってるわ
そんなに弱く見えてたの？
男たちは自惚(うぬぼ)れてるね
それが愛し方だと…

甘ったるい言葉
信じないよ
抱きしめれば済むと思うな
女たちは慣れっこだ
寂しさは友達

真夜中の交差点
静かすぎるよ
車とか人影もみんな消えた
なすすべなく　恋は終わるだけ
強がり言ってもひとりぼっちじゃないか

思い出なんか
足しにならない
あたしが惨めになるでしょう
どんな愛もいつの日にか
絶対　嘘になるもの

恨んでないよ
あんたのこと
過ぎた日々は輝いてた
ぽっかり空いた胸の奥
しあわせを数えた

真夜中はいつだって
止まってるよ
時間も感情も暗闇の中
涙　ひとつ頬に溢(こぼ)れても
見上げた空は月も星も見えない

帰り道は
歩いて行く
送らなくていい
なんかごめん
遅くまで
付き合ってくれて…

真夜中は悲しみを
捨てるゴミ箱
あんたとかあいつとか全部いらない
お気に入りのLOVE SONG　歌おうか
気遣う者などいないひとりぼっち

真夜中はいつだって
止まってるよ
時間も感情も暗闇の中
涙　ひとつ頬に溢(こぼ)れても
見上げた空は月も星も見えない",https://www.uta-net.com/song/226100/
233688,サササ サイコー！,秋元康,K-WONDER;SAS3,野中“まさ”雄一,,NMB48 Uta-Net Other Songs,other,溝川実来;山田寿々,,"溝川実来,山田寿々","サササ　サイコー！
サイコー！","サササ　サイコー！
サイコー！
サササ　サイコー！

世の中　いろいろ揉めてるけど
自分で盛り上げて行くしかない
嫌なこと　辛いこと
考えてたら
やっていられなくなるよ

さあ　そんなに難しいことじゃない
とにかくいい方に考えればいい
両手を高く上げて
全力　大声で叫びましょう

(サササ　サイコー！)
ああ　生きててよかった
なんて素晴らしいんだ
(サササ　サイコー！)
何も心配ないよ
未来はバラ色だ

ガンバレ！最高じゃなくても
ガンバレ！最高な気分で
ガンバレ！最高を手に入れろ！
ジャンプして行こう！

これから　どうなる？わかんないけど
今だけ楽しんで行くしかない
不景気とか　少子化とか
格差社会
問題はいっぱいってこと

でも　しかめっ面してたってしょうがない
悩み忘れて仕舞えばいいんだ
頭を空っぽにして
みんなで　大声で叫びましょう

(ハハハ　ハッピー！)
ああ　どうにかなるもんだ
今日も元気に行こう！
(ハハハ　ハッピー！)
笑って前へと進め！
希望に満ちてる！

ガンバレ！ハッピーじゃなくても
ガンバレ！ハッピーな気分で
ガンバレ！ハッピーを手に入れろ！
ジャンプして行こう！

たった一度の人生だってわかってる
最高に　ハッピーに　悔いがないように死にましょう

ああ　生きててよかった
なんて素晴らしいんだ
(サササ　サイコー！)
何も心配ないよ
未来はバラ色だ

(ハハハ　ハッピー！)
ああ　どうにかなるもんだ
今日も元気に行こう！
(ハハハ　ハッピー！)
どいつもこいつも　誰も彼も
適当に行こうぜ！
パーティーじゃないか！

ガンバレ！最高じゃなくても
ガンバレ！最高な気分で
ガンバレ！最高を手に入れろ！
ジャンプして行こう！

なんてったって、サイコー！",https://www.uta-net.com/song/233688/
242205,Which one,秋元康,OmotiClub,SI.V,,NMB48 Uta-Net Other Songs,other,,,,"Oh… Oh… Which one do you like？
Oh… Oh… Which one do you like？","Oh… Oh… Which one do you like？
Oh… Oh… Which one do you like？

ねえ　いろいろ噂聞くけど
あなたにとって本命は誰？
なんかライバルみたい
あの娘(こ)と比べられて　うーんなんだかなあ

仲のいい友達なんて
言い訳はもう通用しない
フザケンナって感じ
あなたの態度が中途半端でダメ！

もしも二人が海で溺れてたとしたら
どっちの手を掴んで
ねえ　助けるつもり？

Which one do you like？ Oh Oh
どっち　どっち　どっちが好きなの？
Which one do you like？ Oh Oh
女の子は嫉妬深い
ごめん
Which one do you like？ Oh Oh
どっち　どっち　お気に入りはどっち？
先に決めておきましょう
あの娘(こ)　私
恋の相手は　Oh, Which one

すぐに決められないなんて
どっちにもいい顔したいだけ
ホントはとっくに内定
自分でも気づかないふりをしてるのよ

ここでウヤムヤのまま　結論延ばしたら
いつかは爆発して
誰かが傷つくでしょう

Which one do you like？ Oh Oh
あっち　こっち　どっちを選ぶの？
Which one do you like？ Oh Oh
男の子は意気地なしね
早く
Which one do you like？ Oh Oh
あっち　こっち　付き合うのはどっち？
恨みっこなしでいい
あの娘(こ)　私
ちゃんと答えて　Which one

困らせたいの
表情が可愛い
それくらい好きだってことだよ
What do you think about this talk？
Why are you laughing？ I'm getting angry

ねえ　助けるつもり？

Which one do you like？ Oh Oh
どっち　どっち　どっちが好きなの？
Which one do you like？ Oh Oh
女の子は嫉妬深い
ごめん
Which one do you like？ Oh Oh
どっち　どっち　お気に入りはどっち？
先に決めておきましょう
あの娘(こ)　私
恋の相手は　Oh, Which one

Oh… Oh… Which one do you like？
Oh… Oh… Which one do you like？
Oh… Oh… Which one do you like？
Oh… Oh… Which one do you like？",https://www.uta-net.com/song/242205/
245622,下手を打つ,秋元康,前迫潤哉;林武蔵,林武蔵,,NMB48 Uta-Net Other Songs,other,,,,"Oh... Forgive... Forgive me...
Oh... Forgive... Forgive me...","Oh... Forgive... Forgive me...
Oh... Forgive... Forgive me...

泥棒猫はどこへ逃げ込んだ？
入り組んだ路地裏へ
呼び込みに聞いたところで
「さあね」とバックレられる

バールか何(なん)かでこじ開け　中を荒らしたんだろう？
バカなことをしたもんだ　このままじゃメンツが立たないよ
腕の一本も折られる覚悟して詫びを入れろ！
簀(す)巻きにされたらThe end
懇(ねんご)ろだったと界隈じゃ噂だ
そそのかしたのは　あいつなんだろう？

やばい　他人(ひと)の心こっそりと盗むなんて
こんなにも近い仲ならなおさらだ
やばい　被害届を出すわけがない
身内が動くんだ　わかるだろう？
どうすんだ？　これから
どこまでも　追われる
どうすんだ？　俺だったら恋なんかすぐ捨てる
ヘイ　下手打ったな

Oh... Forgive... Forgive me...
Oh... Forgive... Forgive me...

愚かな猫はどこに隠れてる？
工場のコンテナか
そのうちさらわれるだろう
時間の問題だって
韓流(はんりゅう)ドラマみたいに　無理な夢を見たもんだ
そんな愛が欲しいなら　地獄にでも駆け落ちすればいい
名前に命　そんなタトゥーなんて流行らないよ
身元確認に便利か

もう　どこかに高飛びをしたって話だ
現実はまさか　そんな甘くない

けじめ　それはそれできっちりとつけないとね
舐めている若い連中の見せしめに
けじめ　古い掟だ　前時代的
それでもしょうがない　落とし前さ
わかるだろ？　逃げても
このままじゃ　捕まる
いいとか悪いとかじゃなく決まりごと
ヘイ　ケツ割ったな

あいつなんだろう？
あいつなんだろう？

やばい　他人(ひと)の心こっそりと盗むなんて
こんなにも近い仲ならなおさらだ
やばい　被害届を出すわけがない
身内が動くんだ　わかるだろう？
どうすんだ？　これから
どこまでも　追われる
どうすんだ？　俺だったら恋なんかすぐ捨てる
ヘイ　下手打ったな

Oh... Forgive... Forgive me...
Oh... Forgive... Forgive me...",https://www.uta-net.com/song/245622/
263324,2番目のドア,秋元康,山下裕樹,若田部誠,,NMB48 Uta-Net Other Songs,other,クロス;誤解,,"クロス,誤解","いつでも　目の前には
道ができてたから","いつでも　目の前には
道ができてたから
地図などなくても
歩けたんだ

彼女のその背中を
追いかければいいと
甘えていたこと
今さら気づいた

だけど　これからは
頼ってはいられない
自分の力で
切り拓く未来よ

2番目のドアを開けよう
昨日とは違う
見たことのない景色
広がってるよ　きっと
新しいドアを開けよう
不安もあるけど
同じあの夢　目指す
仲間たちがいる

彼女がいなくなって
ダメになったなんて
誰にも絶対に
言われたくないよ

そんな情けない
後輩じゃしょうがない
今まで以上に
輝いてみせたい

2番目のドアを開けよう
私たちだけで
汗と涙の道を
一歩一歩　進もう
挑戦のドアを開けよう
勇気を絞って
汗と涙を拭(ぬぐ)い
共に笑うまで

2番目のドアを開けよう
昨日とは違う
見たことのない景色
広がってるよ　きっと
新しいドアを開けよう
不安もあるけど
同じあの夢　目指す
仲間たちがいる

見ていてください",https://www.uta-net.com/song/263324/
293688,アイラブ豚まん,秋元康,泉田大志,泉田大志,,NMB48 Uta-Net Other Songs,other,,,,"2人　喧嘩をした日のことを君も覚えてるだろう？
阪急電車の中　口も利かないまま","2人　喧嘩をした日のことを君も覚えてるだろう？
阪急電車の中　口も利かないまま
蛍池駅から梅田駅まで
50センチ離れて窓の外を見てた

偶然　会った女友達に
元気か？って聞いただけで
なぜか急に嫉妬し始めた

でも君の機嫌　直すなんて簡単さ
そういう時には　食べ物で釣ればいい
どんな優しい言葉より
いい匂いの方が効果的ってこと
ねえ何かお腹空いて来ないか？
そんな怖い顔をしていないで
もっと幸せになろうよ
豚まん　豚まん　食べたくなった
551　それしかない
まるで催眠術をそっとかけちゃうように
さりげなく　手を繋ごう

ゴーゴーゴーゴー　HORAI(ゴーゴーゴーゴー　HORAI)
ゴーゴー　551(ゴーゴー　551)
ゴーゴーゴーゴー　HORAI(アイラブ豚まん)
ゴーゴー　551(恋する豚まん)

好きなタイプなんてコロコロと変わってしまうものさ
めっちゃ可愛いとか　めっちゃ性格いいとか
そんなことなんか結局　どうでもいい
食の相性は絶対　無視できない

私って食べない人なの
そう言われてしまったら
一気に醒めてしまうだろう

そう　君と僕の恋はどんな時だって
365日　食いしん坊だよね
きっとキスをした数より
何かを食べていた回数の方が多い
でもそれが一番しっくり来るんだ
他の誰かを好きになれない
愛は食欲に似てる
豚まん　豚まん　一緒に食べよう
551　見つめ合って…
僕たちにとっては最高の時間なんだ
もう一個　分けようか？

美味しいものを　食べながら
恋愛中

でも君の機嫌　直すなんて簡単さ
そういう時には　食べ物で釣ればいい
どんな優しい言葉より
いい匂いの方が効果的ってこと
ねえ何かお腹空いて来ないか？
そんな怖い顔をしていないで
もっと幸せになろうよ
豚まん　豚まん　食べたくなった
551　それしかない
まるで催眠術をそっとかけちゃうように
さりげなく　手を繋ごう

アイラブ豚まん
恋する豚まん",https://www.uta-net.com/song/293688/
303324,青いレモンの季節,秋元康,近藤昭雄,若田部誠,,NMB48 Uta-Net Other Songs,other,,,,"8月の日差しに
右手を翳(かざ)して","8月の日差しに
右手を翳(かざ)して
木漏れ日の坂道
自転車を立ち漕ぎで登ってく
君を見てた

名前も知らなかったから
僕はいつしか　ポニーテールの
天使と呼んでたんだ

初恋は(一瞬)
告白できないまま
通り過ぎてくだけ
切なくて(甘く)
ちょっぴり苦い味
青い実を皮ごと齧ったような…
The lemon in summer

ラケットを抱えた
放課後の君と
偶然会ったのは
十字路が占ってるような
僕の未来

言葉を掛けてみたいけど
近寄りがたい君の笑顔に
声が出なかったんだ

制服と(リボン)
沈んで行く夕陽が
なぜか似合っていた
遠くから(そっと)
見つめるそれだけで
片思い　心に閉じ込めたまま
The lemon in my hear

初恋は(一瞬)
告白できないまま
通り過ぎてくだけ
切なくて(甘く)
ちょっぴり苦い味
青い実を皮ごと齧(かじ)ったような…
The lemon in summer",https://www.uta-net.com/song/303324/
303325,落とし穴,秋元康,Toshikazu.K,Toshikazu.K,,NMB48 Uta-Net Other Songs,other,,,,"ああ　どうすればいい？
好きになっちゃったみたい","ああ　どうすればいい？
好きになっちゃったみたい

タイプじゃないと思っていたのに
一緒に帰っただけで
何でこんなに気になるんだろう
どうでもよくないのかな

それは(それは)ただの(ただの)錯覚(錯覚)それとも運命
まさかあなたと恋なんかするわけないよね

自分の頬　ピシャリと叩いて
しっかりしなさいなんて気合いを入れたけれど
何だか　まだ夢見心地

ああ　どうすればいい？
好きになっちゃったみたい
なぜ　こんなにコロリといったの？
いつのまにか 夢中になってた
ノーノーノー　無理
理想と全然　違う
知らない世界　紛れ込んだような
落とし穴

Pa Pa Pa Pa Pa Pa
Pa Pa Pa Pa Pa Pa

音楽や映画やファッションの
好みも合わないのに
急に会いたくなっちゃったりして
心境は変わるものね

そんな(そんな)馬鹿な(馬鹿な)出来事(出来事)信じられない
きっと私が面白がっているだけかも

昔から　悪ふざけが好き
からかってみようなんて思っちゃったのかな
気持ちが整理ついてない

ああ　どうなってるんだ？
本気ではないよね
ねえ　鏡に問いかけてみる
さあ今すぐ　否定してちょうだい
ノーノーノー　嘘
首を横に振って
冗談だって　早くオチを言わないと…
落とし穴

Pa Pa Pa Pa...

男と女　その間には
ロマンスにハマる　穴が空いてる

ああ　どうしようもない
好きになったかもしれない
あなたのことを考えると
胸がドキドキして苦しい

ああ　どうすればいい？
好きになっちゃったみたい
なぜ　こんなにコロリといったの？
いつのまにか 夢中になってた
ノーノーノー　無理
理想と全然　違う
知らない世界　紛れ込んだような
落とし穴

Pa Pa Pa Pa Pa Pa
Pa Pa Pa Pa Pa Pa",https://www.uta-net.com/song/303325/
314822,夢中人,秋元康,A-NOTE;N-Sound,,,NMB48 Uta-Net Other Songs,other,また県,,また県,"この世界のどこかで　僕にメロメロな
誰かきっと　夢中人(むちゅうじん)","この世界のどこかで　僕にメロメロな
誰かきっと　夢中人(むちゅうじん)

突然　呼び出されたオープンカフェで
いつもとはなんか違うシリアスな君
もうこれ以上　心に秘めてられない
思い詰めた顔で迫って来る

告白されると思って身構えたよ
ついに来たか　受け止めるしかないだろう
そしたら君はふいに　僕の親友が好きだって
がっかりするような相談された

Crazy for you！なんてね　一度でいい　誰か言ってよ
僕みたいなタイプは　そういう対象じゃない
面白いことを言ってる　一緒にいると楽しい奴
好きになってもらえない　恋とは無縁だった
この世界のどこかで　僕にメロメロな
誰かがいるのなら　名乗り出て
さあ夢中人(むちゅうじん)

時折　何か言いたげに見つめるから
絶対　僕に気があるって思ってた
恋について　アドバイス欲しかっただけ
ただの友達って　やっと気づいた

それでも笑顔で話を聞いてあげた
君のために何ができるか考えた
もちろん胸の内は切なくて苦しいけど
任せておけよと応援した

But I love you！なんてね　一度くらい聞きたかったよ
恋愛関係にはならない僕たちかもしれない
好きになっちゃいけないのか　それって何か寂しくなる
ロマンティックになる度　笑わせたくなるんだ
いつの日にかどこかで　こんな僕だって
照れないで真面目に　キスをしよう
ねえ夢中人(むちゅうじん)

そういうキャラじゃない？と
勝手に決めないでよ
世界にきっと一人くらい
自分だけの誰かがいる
僕のことを本当に
一番に理解してくれる
そんな人はどこにいる？

「せ～の！」
「ここにいる～!!!」

Crazy for you！なんてね　一度でいい　誰か言ってよ
僕みたいなタイプは　そういう対象じゃない
面白いことを言ってる　一緒にいると楽しい奴
好きになってもらえない　恋とは無縁だった
この世界のどこかで　僕にメロメロな
誰かがいるのなら　名乗り出て
さあ夢中人(むちゅうじん)",https://www.uta-net.com/song/314822/
333786,想像のピストル,秋元康,戸田康平,野中“まさ”雄一,,NMB48 Uta-Net Other Songs,other,,,,"人間ってのはしょうもないね
どうでもいいようなことばかりを","人間ってのはしょうもないね
どうでもいいようなことばかりを
あれこれ　考えちゃったりしてさ

世の中には解決できない
問題ってのがあるんだって
そろそろ僕も気づいた方がいいと思う

馬鹿野郎って大声で叫んでも
結局はね　何も変わらない
切なく虚(むな)しい
それがリアルなこの世界

ピストル　指で作って
隣にいる彼を撃ったら
君は僕のものに
なってくれるのか？
(ララララ　ララララ…)

さっきまで普通の日だったのに
突然　最悪な気分さ
そういうことってよくあるだろう？

それもこれもあいつのせいさ
世界で一番ムカついたよ
あんなに馴れ馴れしく君といるなんて…

殴りに行こうって思ったけど
貧乏くじ　きっと引くだけだ
情けないもんだね
人を愛するってこと

ピストル　自分に向けて
この場で引き金引いてやる
君は僕のために
泣いてくれるかい？

でも僕はずっと気づいてるんだ
そう僕は口ばっかりってことを…
ほら　弾は入ってない

ピストル　指で作って
隣にいる彼を撃ったら
君は僕のものに
なってくれるのか？

ピストル　自分に向けて
この場で引き金引いてやる
君は僕のために
泣いてくれるかい？
(ララララ　ララララ…)",https://www.uta-net.com/song/333786/
333787,今さら道頓堀,秋元康,板垣祐介,板垣祐介,,NMB48 Uta-Net Other Songs,other,,,,"デュッ　デュワ
デュッ　デュワ","デュッ　デュワ
デュッ　デュワ

こっちから(デュワ)あんた　ふと見たら(デュワ　デュワ)
気づいたわ(デュワ)意外といい男
いつもより(デュワ)飲みすぎたせいね(デュワ　デュワ)
腕組み歩きたくなった

恋は歪(いびつ)なもの
(コロコロ　コロコロ)
どこに転がるやら…

好きや好きや好きや　今さら道頓堀
胸の奥　隠れてた　愛しい街灯り
あかんあかんあかん　口にしてはあかん
人の道　外れてる　親友の彼氏

デュッ　デュワ
デュッ　デュワ

本当は(デュワ)悪い気しないでしょ？(デュワ　デュワ)
帰ろうと(デュワ)まだ言わないもの
次の角(デュワ)曲がってしまったら(デュワ　デュワ)
その先　戻れなくなる

愛は底なし沼
(アブナイ　アブナイ)
どこまでも堕ちてく

アホやアホやアホや　どうする道頓堀
こんなにも愛しいなんて　困らせないで
あかんあかんあかん　一番あかんことや
あんただけは　絶対に　結ばれたら地獄

何を言っても(ただの言い訳)
成り行きなんて(口裏合わせ)
そう悪いのは(誰でもなくて)
あんたと私と道頓堀

好きや好きや好きや　今さら道頓堀
胸の奥　隠れてた　愛しい街灯り
あかんあかんあかん　口にしてはあかん
人の道　外れてる　親友の彼氏

あんただけは　絶対に　結ばれたら地獄",https://www.uta-net.com/song/333787/
342771,渚サイコー！,秋元康,youth case,梶原健生;youth case,,NMB48 Uta-Net Other Songs,other,,,,"初めて会ったあの日のことを　僕は今も覚えてる
海岸線ですれ違った瞬間を…","初めて会ったあの日のことを　僕は今も覚えてる
海岸線ですれ違った瞬間を…

可愛いだとか　スタイルいいとか　ルックスだけじゃなくて
独特のセンスが誰とも比較できない

カフェでみんなで話してても　何で
そんなに面白いギャグを言うの？

Woh oh oh
渚サイコー！　君もビーチも　何だか胸がキュンとする
目と目が合って　微笑まれて　もうノックアウト
Woh oh oh
渚サイコー！　茫然自失　好きだとしか言えないよ
何もできずに　見惚れてる僕なんだ
どうしてくれる？

カッコつけたり　気取ってるのが　きっと苦手なんだろう
面白くなくちゃ　イケメンだって　あっち行け！

だから　僕だって　ワンチャンスあるかも
笑わせりゃ勝ちだって思い込んでる

Woh oh oh
渚バイバイ！　突然すぎる　君はどこかへ行っちゃうのか？
だけど僕は泣かないよ　ありがとう
Woh oh oh
渚バイバイ！　切ないけれど　思い出いっぱい残ってる
こんなに好きで　ずっといられたんだ
忘れないよ

あっという間の出来事だった
君と出会ってから(去って行くまで)
忘れはしない　宝物DAYS
手を振って　笑いながら　君らしく

Oh baby　また会おう
渚サイコー！　君もビーチも　何だか胸がキュンとする
目と目が合って　微笑まれて　もうノックアウト
Woh oh oh
渚サイコー！　茫然自失　好きだとしか言えないよ
何もできずに　見惚れてる僕なんだ
どうしてくれる？

I love you！
渚サイコー！",https://www.uta-net.com/song/342771/
354798,Now,秋元康,youth case,youth case;たんしょそら,,NMB48 Uta-Net Other Songs,other,安部若菜;泉綾乃;加藤夕夏;川上千尋;小嶋花梨;坂田心咲;貞野遥香;塩月希依音;渋谷凪咲;上西怜;新澤菜央;隅野和奏;出口結菜;原かれん;前田令子;山本望叶,山本望叶,"安部若菜,泉綾乃,加藤夕夏,川上千尋,小嶋花梨,坂田心咲,貞野遥香,塩月希依音,渋谷凪咲,上西怜,新澤菜央,隅野和奏,出口結菜,原かれん,前田令子,山本望叶","I'll go there to fight　心の中燃えてるか？
It's your turn　見ないふりしてるのは　もう無理だ","I'll go there to fight　心の中燃えてるか？
It's your turn　見ないふりしてるのは　もう無理だ
この壁の向こう　空はある？
いくつの嘘を重ねれば青空なんだ

Don't think about it no more！(Hey！)目を閉じろ！(Hey！)
急(せ)かすような熱い鼓動が聴こえるか？
全力で走るスタートが近づいた
Woh oh　朝陽が昇る

道は長いぞ　遠いゴール
辿り着けるか　Nobody knows it
戦わず死ねるか？　Soldier！
Are you ready？　覚悟を決めろ！

Now　風が過ぎるタイミングを逃(のが)すな
Now　そうさ　ここで立ち上がるしかない
(Hey！)さあ踏み出せよ(Hey！)その一歩目を
Go ahead！　思うまま進め！

Now　風の向きは一瞬で変わる
Now　大切なのは何を信じるのか？
(Hey！)たとえ躓(つまず)き(Hey！)道に倒れても…
僕らは諦めない

I got it
この世界には　何があっても守るべきものがあるんだよ
愛しさに包まれた平凡な幸せを
いつの時代も忘れちゃいけない

夢は重いぞ　抱えるには…
投げ出したくもなるだろう
自分のプライドとアイデンティティー
Someday Somewhere　手に入れようぜ！

Now　この風はやがて止むかもしれない
Now　仲間たちがみんないなくなっても
(Hey！)さあ乗り越えろ！(Hey！)一人きりでも…
Life is　孤独な戦いだ

砂漠のど真ん中でも　歩みを止めないように
強靭な意思を持てよ　Buddy
心が渇いたのなら　未来を見せようか？
期待とは　蜃気楼なんだ

どこまでも行ったって
涯(はて)のない地平線よ
地図なんかじゃなく　この目で確かめる
Everybody　撤退はあり得ない
僕らは挑(いど)むよ

Now　風が過ぎるタイミングを逃(のが)すな
Now　そうさ　ここで立ち上がるしかない
(Hey！)さあ踏み出せよ(Hey！)その一歩目を
Go ahead！　思うまま進め！

Now　風の向きは一瞬で変わる
Now　大切なのは何を信じるのか？
(Hey！)たとえ躓(つまず)き(Hey！)道に倒れても…
僕らは諦めない

I can do　命ある限り
It's destiny　どこまでも行くよ
Woh oh oh oh　そう誰かのために　ずっと進むしかない
We have to go　永遠の先へ
It's the mission　地獄にだって行くよ
Woh oh oh oh　今　できることは　夢を信じること",https://www.uta-net.com/song/354798/
354799,これが愛なのか？,秋元康,ナスカ,野中“まさ”雄一,,NMB48 Uta-Net Other Songs,other,,,,"Oh　カモン！ボーイ！誰もみんな同じ
そんな恥ずかしがることないよ","Oh　カモン！ボーイ！誰もみんな同じ
そんな恥ずかしがることないよ
親友や先輩に聞かされた
膨らんだイマジネーション

全てを捨ててでも
手に入れたいもの
ある日　突然
僕にもチャンスが来た

Is this love？

これが愛なのか？(愛なのか？)
こんな気持ち初めてなんだ
愛なのか？(愛なのか？)
ギュッと胸が締め付けられるんだ
Woh oh oh
君に会うまで知らなかった
Woh oh oh
どうしようもなく　尊(とうと)いもの
(愛なのか？愛なのか？愛なのか？愛なのか？)
わからない
きっと　いつか！いつか！いつか！　I will know it

ヘイ！ヤングボーイ！焦らなくていい
自分のペースで大人になれよ
雑誌のグラビア　眺めては
こんな彼女と夢で会えたら

神にどう祈ろうと
出会うってムズイ
本物なのか
それともフェイクなのか

What's love？

これが愛だって(愛だって)
こんな自分　どうかしてるよ
愛だって(愛だって)
恋をするとなぜ詩人になるのか？
Woh oh oh
僕がやっと見つけたFlower
Woh oh oh
独り占めしたい　唯一の色
(愛だって　愛だって　愛だって　愛だって)
躊躇する
でも　ごめん！ごめん！ごめん！　I will get the one

こんな汚(けが)れのない
君への想い
ストレート過ぎて
I want you！　I love you！　許してくれ！

これが愛なのか？(愛なのか？)
こんな気持ち初めてなんだ
愛なのか？(愛なのか？)
ギュッと胸が締め付けられるんだ
Woh oh oh
君に会うまで知らなかった
Woh oh oh
どうしようもなく　尊(とうと)いもの
(愛なのか？愛なのか？愛なのか？愛なのか？)
わからない
いつか好きだ好きだ好きだ好きだ好きだ
好きだ好きだ好きだ好きだ好きだと言おう",https://www.uta-net.com/song/354799/
360976,がんばらぬわい,秋元康,中村歩;野口大志,中村歩;野口大志,,NMB48 Uta-Net Other Songs,other,,,,"Cheer up！　トゥ　トゥル　トゥル
Cheer up！　トゥ　トゥル　トゥル","Cheer up！　トゥ　トゥル　トゥル
Cheer up！　トゥ　トゥル　トゥル
Cheer up！　トゥ　トゥル　トゥル
Cheer up！　トゥ　トゥル　トゥル

「がんばらぬわい」

「がんばらぬわい」

「頑張れ！」なんてことは　絶対言うな
頑張ってるんだ　誰だって
励まされたらプレッシャー
ほっといてくれないか　いつも通りで

そういう時代じゃないんだ　よかれと思って言ったって
(辛くなるだけ)
心の中でそっと　声を掛けてくれよ

Take it easy！　気楽に行こうぜ！
全力な(ようで)ちょっと力を抜いて
Let's not　目立たないくらい
そこそこが一番　Yeah！

「がんばらぬわい」

Stand up！　立ち上がるな！
Stand up！　そのままで
Stand up！　人生は長い　Yeah Yeah
Stand up！　ムキになるなよ
Stand up！　疲れちゃうぞ
Stand up！　ちょっと　休んでおこう　Yeah Yeah Yeah

「がんばらぬわい」

一生懸命やったって　しょうがないよどうせ結果は同じさ
もっと上手に生きなきゃ　傷ついてしまうよ　やる気もなくなる

根性なんて言葉は前世紀に使われた遺物
(遺物)
気合いじゃ乗り切れないだろう
己の弱さ認めなきゃ

Slow down！　ゆっくり行こうぜ！
急いで(みたって)何もいいことないよ
De-stress　適当にやればいい
一番は譲ってやろう

「がんばらぬわい」

Cheer up！　無理すんなって
Cheer up！　休んじゃいなって
Cheer up！　怒られはしない　Yeah Yeah
Cheer up！　期待しないで
Cheer up！　開き直ろうぜ
Cheer up！　目標を下げよう　Yeah Yeah Yeah

「がんばらぬわい！」

Wow oh(Wow oh)
Wow wow wow Yeah Yeah Yeah
(Wow wow wow Yeah Yeah Yeah)
Wow Yeah Yeah Yeah Yeah
(Wow Yeah Yeah Yeah Yeah)
Wow wow wow Yeah Yeah Yeah Yeah
(Wow wow wow Yeah Yeah Yeah Yeah)

Take it easy！　気楽に行こうぜ！
全力な(ようで)ちょっと力を抜いて
Let's not　目立たないくらい
そこそこが一番 Yeah！

「がんばらぬわい」

Stand up！　立ち上がるな！
Stand up！　そのままで
Stand up！　人生は長い　Yeah Yeah
Stand up！　ムキになるなよ
Stand up！　疲れちゃうぞ
Stand up！　ちょっと　休んでおこう　Yeah Yeah Yeah

「がんばらぬわい」",https://www.uta-net.com/song/360976/
370498,チューストライク,秋元康,田中マッシュ,田中マッシュ,,NMB48 Uta-Net Other Songs,other,,,,"Yeah！！
パリラリ　パリラ　パリラ　Woh woh","Yeah！！
パリラリ　パリラ　パリラ　Woh woh
Woh who　パリラリ　パリラ　パリラ　Woh woh

ショウウインドウ　鏡にして
自分をチェックしたけど
モテないタイプじゃないのに
全く　声を掛けられない

世界中
男はいるけど
どれも　引くて数多　予約済み
ハイスペックは大人気
残りものには福があるってよく言うじゃない？

チューストライクまで
絶体絶命
ここから何とかしなくっちゃ
誰とチューすりゃいい？
背水の陣
当てるだけでいい
見逃したくなんてない
たった一人を選んで
私　見る目がなくて
三振ばかりで　いつも落ち込んでた
切ない青春
チューストライク

パリラリ　パリラ　パリラ　Woh woh

私だってイケてるでしょ？
男たちは見る目がない
みんなが羨むようなカップルになったことがない

出会いって不思議
神様の仕業(しわざ)
焦って手を出しちゃうと
そういつしか戦力外
スマホの全データを消去したくなるものよ

チューストライクでも
ファールで粘りたい
そのうち当たるでしょう
内野安打でいい
追い込まれたって
運命の一球
デッドボールでも歓迎
何としても　塁に出る
釣り球も堪(こら)えて
最後まで諦めずに
絶好球を　ひたすら　待ってる
チューストライク

Woo ahh woo ahh
Woo ahh woo ahh　チューストライク

チューストライクまで
絶体絶命
ここから何とかしなくっちゃ
誰とチューすりゃいい？
背水の陣
当てるだけでいい
見逃したくなんてない
たった一人を選んで
私　見る目がなくて
三振ばかりで　いつも落ち込んでた
切ない青春
チューストライク

パリラリ　パリラ　パリラ　Woh woh
Woh who　パリラリ　パリラ　パリラ　Woh woh",https://www.uta-net.com/song/370498/
383006,青春のデッドライン,秋元康,SoichiroK;Nozomu.S,佐々木望;河田総一郎,,NMB48 Uta-Net Other Songs,other,,,,"ずっとずっと　青春は続く
大人たちに　聞かされて来た","ずっとずっと　青春は続く
大人たちに　聞かされて来た
ところがホントは　そんなの嘘っぱち
急にやって来た　デッドライン

まだ　いっぱい時間はあるって
学生気分　抜けずにいた
まわりはいつの間に
名刺を持ってたのか？
僕は何に
取り残された？
教えて

義務や責任　背負えない
自由に生きることが
僕らしさと…
そう　歯車の一つは嫌だ
自分の意思　どうだっていいのかい？

今　何時かなんて
気にしたこともなく
やりたいことができた今日まで
誰にも叱られずに
サボっていたのに
終業チャイムが突然鳴った

ハウっているマイクで告げられた
もうここらで　青春は終わり
自分の人生　真面目に考えて
社会人として生きなさい

そんなことを不意に言われても
準備なんか　何もしてない
みんな　酷いじゃないか？
知らせて欲しかったよ
デッドライン
近づいているならば　その前に

叶わぬ夢に
遠回りして気づかされるより
諦めよう
漠然と思う人生はいつだって
自分の味方と
甘く考えてた

今　どこにいるのか？
確かめたことなく
地図なんか見たってしょうがない
このまま　ダラダラと
当たり前のように
僕の時間は　実りもなく過ぎてくんだろう
もう　もう　もう…

いい歳になっても　まだ若いと
勘違いだけで頑張るなんて
流石(さすが)の僕だって絶対できないよ
だから　青春はここでお別れだ
終わりにしよう

ずっとずっと　青春は続く
大人たちに　聞かされて来た
ところがホントは　そんなの嘘っぱち
急にやって来た　デッドライン

まだ　いっぱい時間はあるって
学生気分　抜けずにいた
まわりはいつの間に
名刺を持ってたのか？
僕は何に
取り残された？
教えて

(Lalala Lalala Lalala…)
一瞬で
過ぎ去り
デッドラインが来るのが
青春だ",https://www.uta-net.com/song/383006/
383345,Oneness,Yukurino,竹縄航太(tarareba);岩野亨(tarareba),竹縄航太(tarareba);岩野亨(tarareba),,NMB48 Uta-Net Other Songs,other,,,,"今日　1人になった時　キミの笑顔　そっと想って泣いちゃいそう
こうなればいいなって　願う景色に　一歩前進できた気持ち","今日　1人になった時　キミの笑顔　そっと想って泣いちゃいそう
こうなればいいなって　願う景色に　一歩前進できた気持ち

毎日は雑多で　いいことばかりじゃないけど
この出会いはきっと　宝物だ

私たち　永遠ではなくて
今しか　此処にしかいないんだ
夢じゃない　大切な瞬間
つないでいたい　この手のように
「あの頃」想いながら　振り向く日も
笑っているキミといたい

今日　一緒にいれるの　うれしいなんて　言いたくなる　キミだから
どうがんばればいいか　わからないけど　遠い理想も語り合おう

もう何があっても　そんなに不思議じゃないなら
キミとなら奇跡　起こせるかも

私たち　永遠ではなくて
今しか　此処にしかいないんだ
夢じゃない　大切な瞬間
つないでいたい　この手のように
約束のない夜も　ひとりじゃない
出会ってくれてありがとう

好きになってくれてありがとう

今日　1人になった時　私のこと　ちょっと想って笑ってほしい",https://www.uta-net.com/song/383345/
383346,上方ストロングスタイル,Yoko Murata,森星矢(Core Creative),森星矢(Core Creative);名古育(Core Creative),,NMB48 Uta-Net Other Songs,other,,,,"恋はあやなし　惚れたが因果
へこたれてなど　おられぬ","恋はあやなし　惚れたが因果
へこたれてなど　おられぬ
振り合う袖も　一期一会よ
大事にしなくちゃ

あちら立てれば　こちらが立たぬ
ありがちな　てんやわんや
雨が降ったら　固まる絆(じ)あり
虹も架かるかも

嗚呼　とかく難儀な生(ライフ)
二度漬けナシの　泡沫(うたかた)なら
いっそ楽しんで

そうよ　Laugh！ Laugh！ Laugh！ 笑っちゃおう
浮世の沙汰も　自分次第
Up！ Up！ Up！ 顔あげて
胸張れば　艶姿
そうね　Hip！ Hip！ Hip！ 憂い顔も
それなりだけど　柄じゃないぜ
Up！ Up！ Up！ さあアゲてこう
上方(かみがた)ストロングスタイル

立てば芍薬　座れば牡丹
盛るよ　自撮り七変化
誰が言ったか　キジも鳴かずば
フォローもされまい

知らざぁ言って　聞かせましょうか？
花も恥じらう　乙女力(そこぢから)
お洒落もするし　心も錦
今日も日本晴れ

嗚呼　とかく難儀な生(ライフ)
二度漬けナシの　泡沫(うたかた)なら
上手く楽しんで

そうよ　Tough！ Tough！ Tough！ 何度でも
転んだら起きりゃ　プラマイゼロ
Up！ Up！ Up！ 顔あげて
胸張れば　艶姿
そうね　Clap！ Clap！ Clap！ ハレもケも
己の機嫌　自分で取るわ
Up！ Up！ Up！ さあアゲてこう！
上方(かみがた)ストロングスタイル

嗚呼　とかく難儀な生(ライフ)
二度漬けナシの　泡沫(うたかた)なら
めっちゃ楽しんで！

あ、其れ　Laugh！ Laugh！ Laugh！ 笑っちゃおう
浮世の沙汰も　自分次第
Up！ Up！ Up！ 顔あげて
胸張れば　艶姿
もう一丁！　Tough！ Tough！ Tough！ 大丈夫
転んでも起きりゃ　プラマイゼロ
Up！ Up！ Up！ さあアゲてこう！
上方(かみがた)ストロングスタイル

自分らしく　生きるよ",https://www.uta-net.com/song/383346/
383347,やねん,kiyo,kiyo,kiyo,,NMB48 Uta-Net Other Songs,other,,,,"なんでか分からんけど　真剣
いつからか知らんけど　阪神","なんでか分からんけど　真剣
いつからか知らんけど　阪神
どうするか知らんけど　点検
誰がくるかわからんけど　暗転
どこ行くか知らんけど　沿線
何するか知らんけど　宣言
勘違いかもやけど　天然
いくらかかるか知らんけど　開店

きーへんねん　けえへんねん
こーへんねん　きやへんねん　かわいそうになぁ
めっっちゃおもろい　むっっちゃおもろい
ばりくそおもろい　よかったなぁ
なんでやねん　だれとやねん
どうすんねん　なんぼやねん　うるさいなぁ
いつやねん　ほんでどこいくねん
どこもいっぱいやで　知らんけど

これカラダにええらしいで　ってテレビで言うてたらしいで
こないだあの人あれしたらしいで　あそこのあれアレやしなぁ
「それ取って」 どれ？ 「それやんそれそれ」
どれやねん 「それやん」 これかいな？
「ちゃうがなそっちのそれやがな」
もう自分で取れや 「その手があったか」

儲かりまっか？ぼちぼちでんなぁ　あんまりそんなん言わんけど
言うたほうがええんやろなぁと　大阪人なりの気遣い
ヒョウ柄の服　会話が漫才　すべてが薄味　そうでもないで
焼きそばとご飯　お好みとご飯　これは大阪の常識です

Funny　めちゃくちゃに壊してやりたい
ごちゃごちゃ言わせない
Dirty　見苦しくても関係ない
前にただススメ fight！

ノーアクション　リーアクション and リバイバル　プロモーション
and クエスチョン　ノーファッション
but ベリーストロンゲストpassion
ハイテンション　クリエイション and next大阪ステーション
and コーション　エモーション butファイナルエクスプロージョン

人は生きるために知恵を使う　狩りをして水を貯め火をおこす
昨日よりも今日　今日よりも明日　どんどん便利になっていく
争いながらも仲間を作って　踊りを踊って歌も歌って
どんどん楽しくなっていく

じゃじゃじゃ～…

これカラダにええらしいで　ってテレビで言うてたらしいで
こないだあの人あれしたらしいで　あそこのあれアレやしなぁ
「それ取って」 どれ？ 「それやんそれそれ」
どれやねん 「それやん」 これかいな？
「ちゃうがなそっちのそれやがな」
もう自分で取れや 「その手があったか」",https://www.uta-net.com/song/383347/
383348,未来図,sorano,猟平;小檜山翔;太嘉志,猟平,,NMB48 Uta-Net Other Songs,other,,,,"Wow…
長い廊下の突き当りに","Wow…

長い廊下の突き当りに
その絵はあった (揺るぎなく)
遠くにあるそれを見つめ
憧れていた (眩しかった)

いつかは (そうなりたいと)
いつかは (追い越したくて)
いつかは “今”だと気付いたのに

あの絵が (なくなって)
戸惑っていたけれど
新しい絵を僕ら見つけた

強く胸にえがく未来図
唯一無二の彩り
ここからせーので　走り出すよ
果ては無い
どんな時も迷わず
この想い貫こう
僕らは　ここから始まるよ

たぶん君が言っているのは
あの日の絵だろう (理解(わか)ってる)
その光　僕ら、越えて行けるから

雨降り (向かい風)
天気は敵じゃない
希望だけ　足下を照らすよ

今は透明すぎる未来図
何度も指でなぞる
誰も信じない　それでもいい
駆けだそう
早い鼓動を共鳴
息を切らしてゆこう
この未来　本当の始まり

長い廊下の途中僕ら
光は遠くても向かう
高く掲げた想いは
決して消える事はない

強く胸にえがく未来図
唯一無二の彩り
ここからせーので　走り出すよ
果ては無い
あの絵を超える想い
僕らは叶えられる
すべては　始まったばかりだ

Wow…",https://www.uta-net.com/song/383348/
